,fc,cnv,chr
A3GALT2,-0.16901,3.0,chr1
AADACL3,0.14934,3.0,chr1
AADACL4,0.06485,3.0,chr1
AANAT,-0.33079000000000003,3.0,chr17
AARSD1,-0.52445,2.0,chr17
AATF,-1.56348,2.0,chr17
AATK,-0.9233899999999999,3.0,chr17
ABCA10,-1.14649,5.0,chr17
ABCA4,-0.21008000000000002,4.0,chr1
ABCA5,-0.36791,5.0,chr17
ABCA6,-0.03057,5.0,chr17
ABCA8,-0.07316,5.0,chr17
ABCA9,-0.47888000000000003,5.0,chr17
ABCB10,-0.05039,4.0,chr1
ABCC3,-0.08564,2.297039009869967,chr17
ABCD3,-0.4618,4.0,chr1
ABHD15,-1.15904,6.0,chr17
ABI3,-0.07282999999999999,2.0,chr17
ABL2,0.03978,5.0,chr1
ABR,-0.05094,3.0,chr17
ACACA,-0.96357,2.0,chr17
ACADM,-0.15307,4.0,chr1
ACADVL,0.1833,3.0,chr17
ACAP1,0.39971999999999996,3.0,chr17
ACAP3,0.06027999999999999,3.0,chr1
ACBD3,-0.60849,5.0,chr1
ACBD4,-0.28559,2.0,chr17
ACBD6,-0.18031,5.0,chr1
ACE,-0.98016,5.0,chr17
ACKR1,-0.07074,5.0,chr1
ACLY,-1.381,6.0,chr17
ACOT11,-0.015130000000000001,3.0,chr1
ACOT7,0.10617,3.0,chr1
ACOX1,-0.04362,3.0,chr17
ACP6,0.16282,5.0,chr1
ACSF2,-0.15566,2.0,chr17
ACTA1,0.18347,4.0,chr1
ACTG1,-1.19535,3.0,chr17
ACTL8,-0.09506,3.0,chr1
ACTN2,-0.39591,4.0,chr1
ACTRT2,0.17237,3.0,chr1
ADAM11,-0.19293,2.0,chr17
ADAM15,-0.09358999999999999,5.0,chr1
ADAM30,-0.1186,4.0,chr1
ADAMTS4,-0.22662,5.0,chr1
ADAMTSL4,-0.35472,5.0,chr1
ADAP2,-0.8845799999999999,2.0,chr17
ADAR,-0.0693,6.0,chr1
ADCY10,0.11778,5.0,chr1
ADGRB2,0.038,3.0,chr1
ADGRL2,0.16225,4.0,chr1
ADGRL4,0.01797,4.0,chr1
ADIPOR1,0.0238,5.0,chr1
ADORA1,-0.22969,5.0,chr1
ADORA2B,-0.05438,3.0,chr17
ADORA3,-0.29838000000000003,4.0,chr1
ADPRHL2,-0.28141,3.0,chr1
ADPRM,0.23731999999999998,3.0,chr17
ADSS,-2.85324,4.0,chr1
AFMID,-0.5354300000000001,3.0,chr17
AGBL4,0.27896,3.0,chr1
AGL,-0.13441,4.0,chr1
AGMAT,0.17340999999999998,3.0,chr1
AGO1,0.12233,3.0,chr1
AGO3,0.24805,3.0,chr1
AGO4,0.22574,3.0,chr1
AGRN,0.06792000000000001,3.0,chr1
AGT,0.33423,4.0,chr1
AGTRAP,0.027589999999999996,3.0,chr1
AHCTF1,-1.55782,4.0,chr1
AHCYL1,-1.24185,4.0,chr1
AHDC1,0.30632,3.0,chr1
AIDA,-0.6491899999999999,5.0,chr1
AIM2,-0.32179,5.0,chr1
AIPL1,-0.02507,3.0,chr17
AJAP1,-0.06495,3.0,chr1
AK2,-0.37309000000000003,3.0,chr1
AK4,-0.56972,4.0,chr1
AK5,-0.17995,4.0,chr1
AKAP1,-0.01823,2.0,chr17
AKAP10,0.30821,2.0,chr17
AKIRIN1,-0.21075,3.0,chr1
AKNAD1,-0.025689999999999998,4.0,chr1
AKR1A1,0.059160000000000004,3.0,chr1
AKR7A2,0.053860000000000005,3.0,chr1
AKR7A3,-0.05016,3.0,chr1
AKT3,0.2099,4.0,chr1
ALDH3A1,0.30753,2.0,chr17
ALDH3A2,0.31478,2.0,chr17
ALDH4A1,-0.12984,3.0,chr1
ALDH9A1,-0.85583,5.0,chr1
ALDOC,-1.86011,6.0,chr17
ALG14,-0.56572,4.0,chr1
ALG6,-0.48746999999999996,4.0,chr1
ALKBH5,-0.12578,3.0,chr17
ALOX12,0.11977,3.0,chr17
ALOX12B,0.28442,3.0,chr17
ALOX15,-0.06525,3.0,chr17
ALOX15B,0.015330000000000002,3.0,chr17
ALOXE3,-0.05839,3.0,chr17
ALPL,0.12185,3.0,chr1
ALX3,-0.49754,4.0,chr1
ALYREF,-1.62635,3.0,chr17
AMIGO1,0.02251,4.0,chr1
AMPD1,0.22616,4.0,chr1
AMPD2,0.14749,4.0,chr1
AMY1B,-0.5489,4.0,chr1
AMY2A,0.03321,4.0,chr1
AMY2B,0.15442,4.0,chr1
AMZ2,-0.31074,6.278866148626463,chr17
ANAPC11,-1.43343,3.0,chr17
ANGEL2,-0.21434,5.0,chr1
ANGPTL1,-0.36723,5.0,chr1
ANGPTL3,-1.08136,4.0,chr1
ANGPTL7,-0.09033,3.0,chr1
ANKFN1,0.17634,2.0,chr17
ANKFY1,-0.06047999999999999,3.0,chr17
ANKRD13B,-1.005,6.0,chr17
ANKRD13C,-0.60223,4.0,chr1
ANKRD34A,-0.43506999999999996,5.0,chr1
ANKRD35,-0.22469,5.0,chr1
ANKRD40,-0.51363,4.0,chr17
ANKRD45,0.22295,5.0,chr1
ANKRD65,-0.29431,3.0,chr1
ANP32E,-0.35725,5.0,chr1
ANXA9,-0.03535,5.0,chr1
AOC2,-0.21938000000000002,2.0,chr17
AOC3,-0.44553999999999994,2.0,chr17
AP2B1,-0.63377,2.0,chr17
AP4B1,-0.17829,4.0,chr1
APCS,-0.56795,5.0,chr1
APH1A,-1.74384,5.0,chr1
APOA2,-0.10153999999999999,5.0,chr1
APOBEC4,-1.1216,5.0,chr1
APOH,-0.98705,5.0,chr17
APPBP2,0.04463,2.0,chr17
AQP10,-0.050460000000000005,6.0,chr1
ARF1,-0.85183,5.0,chr1
ARHGAP23,-0.16269,2.0,chr17
ARHGAP27,-0.39711,2.0,chr17
ARHGAP29,0.06352000000000001,4.0,chr1
ARHGAP30,-0.26954,5.0,chr1
ARHGAP44,0.15033,3.0,chr17
ARHGDIA,-0.07869,3.0,chr17
ARHGEF10L,0.07589,3.0,chr1
ARHGEF11,-0.11607,5.0,chr1
ARHGEF15,0.08444,3.0,chr17
ARHGEF16,0.07209,3.0,chr1
ARHGEF19,0.006409999999999999,3.0,chr1
ARHGEF2,0.11089,5.0,chr1
ARID1A,-0.66174,3.0,chr1
ARID4B,-1.44939,4.0,chr1
ARL16,-0.69839,3.0,chr17
ARL4D,-0.28505,2.0,chr17
ARL5C,-2.73504,14.0,chr17
ARL8A,-0.38291,5.0,chr1
ARMC7,-0.84044,3.0,chr17
ARNT,0.07593,5.0,chr1
ARPC5,-0.75061,5.0,chr1
ARRB2,-0.45766999999999997,3.0,chr17
ARSG,-0.58612,6.0,chr17
ARTN,-0.10695,3.0,chr1
ARV1,-0.7570899999999999,4.0,chr1
ASAP3,-0.18356,3.0,chr1
ASB16,-0.22180999999999998,2.0,chr17
ASB17,-0.03719,4.0,chr1
ASCL5,-0.24875999999999998,5.0,chr1
ASGR1,0.20026,3.0,chr17
ASGR2,0.39393,3.0,chr17
ASH1L,0.17197,5.0,chr1
ASIC2,-0.19178,2.0,chr17
ASPA,-0.47281999999999996,3.0,chr17
ASPM,-0.01157,5.0,chr1
ASPSCR1,-0.60341,3.0,chr17
ASTN1,0.0357,5.0,chr1
ATAD3A,0.12361,3.0,chr1
ATAD3B,-0.10472999999999999,3.0,chr1
ATAD3C,-0.00107,3.0,chr1
ATAD5,-0.55118,5.195869472822579,chr17
ATF3,-0.05466,5.0,chr1
ATF6,-0.10859,5.0,chr1
ATG4C,-0.24005,4.0,chr1
ATP13A2,0.24039000000000002,3.0,chr1
ATP1A1,-0.7591600000000001,4.0,chr1
ATP1A2,-0.27418000000000003,5.0,chr1
ATP1A4,-0.1748,5.0,chr1
ATP1B1,-0.9594600000000001,5.0,chr1
ATP1B2,0.23853000000000002,3.0,chr17
ATP2A3,0.0021,3.0,chr17
ATP2B4,-0.1615,5.0,chr1
ATP5F1,-1.05819,4.0,chr1
ATP5G1,-0.61745,2.0,chr17
ATP5H,-0.9827899999999999,3.0,chr17
ATP6V0A1,0.026160000000000003,2.0,chr17
ATP6V0B,-1.7719999999999998,3.0,chr1
ATP6V1G3,-0.5952,5.0,chr1
ATP8B2,-0.27745,6.0,chr1
ATPAF1,-0.07017000000000001,3.0,chr1
ATPAF2,-0.05205,3.0,chr17
ATPIF1,0.23044,3.0,chr1
ATXN7L2,-0.06795,4.0,chr1
ATXN7L3,-0.042289999999999994,2.0,chr17
AUNIP,0.40973999999999994,3.0,chr1
AURKAIP1,-0.13743,3.0,chr1
AURKB,-3.70895,3.0,chr17
AVPR1B,-0.2649,5.0,chr1
AXDND1,0.05004,5.0,chr1
AXIN2,-0.29581999999999997,5.0,chr17
AZIN2,0.05318,3.0,chr1
B3GALNT2,0.12837,4.0,chr1
B3GALT2,-0.06533,5.0,chr1
B3GALT6,0.20781,3.0,chr1
B3GNTL1,-0.37836,3.0,chr17
B4GALNT2,-0.10375,2.0,chr17
B4GALT2,-0.16467,3.0,chr1
B4GALT3,-0.1424,5.0,chr1
B9D1,-0.17309000000000002,3.0,chr17
BAIAP2,-0.26881,3.0,chr17
BARHL2,-0.1529,4.0,chr1
BATF3,0.29634,5.0,chr1
BCAN,-0.29563,5.0,chr1
BCAR3,-0.26689,4.0,chr1
BCAS2,-1.80712,4.0,chr1
BCAS3,0.13878,2.0,chr17
BCL10,-0.4535,4.0,chr1
BCL2L15,-0.0915,4.0,chr1
BCL6B,0.22853,3.0,chr17
BCL9,-0.23853000000000002,5.0,chr1
BECN1,-0.91356,2.0,chr17
BEND5,0.36587,3.0,chr1
BEST4,0.22829000000000002,3.0,chr1
BGLAP,-0.08241,5.0,chr1
BHLHA9,0.08649,3.0,chr17
BIRC5,-3.46832,3.0,chr17
BLMH,-0.8859100000000001,6.0,chr17
BLZF1,-0.1309,5.0,chr1
BMP8A,0.07346,3.0,chr1
BMP8B,-0.020040000000000002,3.0,chr1
BNIPL,-0.15467999999999998,5.0,chr1
BOLA1,-0.30174,5.0,chr1
BPNT1,0.10032,5.0,chr1
BPTF,-2.05575,8.0,chr17
BRCA1,-0.12122999999999999,2.0,chr17
BRDT,-0.05628,4.0,chr1
BRINP2,-0.11672,5.0,chr1
BRINP3,-0.1253,5.0,chr1
BRIP1,-0.58533,2.0,chr17
BROX,0.1975,5.0,chr1
BSDC1,0.03728,3.0,chr1
BSND,0.08261,3.0,chr1
BTBD17,-0.88635,3.0,chr17
BTBD8,0.30577,4.0,chr1
BTF3L4,-0.42133999999999994,3.0,chr1
BTG2,-0.1215,5.0,chr1
C17orf105,-0.47958,2.0,chr17
C17orf107,0.13352,3.0,chr17
C17orf47,-0.51059,2.0,chr17
C17orf49,-0.9889600000000001,3.0,chr17
C17orf50,-0.2306,2.0,chr17
C17orf51,0.16169,2.0,chr17
C17orf53,-0.36144,2.0,chr17
C17orf58,-1.27678,8.0,chr17
C17orf62,-0.08095,3.0,chr17
C17orf64,-0.62513,2.0,chr17
C17orf74,0.12747999999999998,3.0,chr17
C17orf75,-0.56283,2.0,chr17
C17orf78,-0.27854,2.0,chr17
C17orf80,-0.96362,3.0,chr17
C17orf97,0.75695,3.0,chr17
C17orf98,-0.73924,2.0,chr17
C17orf99,-0.4634,3.0,chr17
C1QA,-0.23584000000000002,3.0,chr1
C1QB,0.0835,3.0,chr1
C1QBP,-0.44659,3.0,chr17
C1QC,0.17718,3.0,chr1
C1QL1,-0.23797,2.0,chr17
C1QTNF1,-0.70448,6.0,chr17
C1QTNF12,-0.13430999999999998,3.0,chr1
C1orf100,0.0411,4.0,chr1
C1orf105,-0.61257,5.0,chr1
C1orf109,-0.12905999999999998,3.0,chr1
C1orf112,-0.03621,5.0,chr1
C1orf115,0.051160000000000004,5.0,chr1
C1orf116,0.18723,5.0,chr1
C1orf122,-0.32,3.0,chr1
C1orf123,0.28905,3.0,chr1
C1orf127,0.2106,3.0,chr1
C1orf131,-2.5427400000000002,4.0,chr1
C1orf141,-0.19303,4.0,chr1
C1orf146,-0.40811,4.0,chr1
C1orf158,0.14748,3.0,chr1
C1orf159,0.52669,3.0,chr1
C1orf162,-0.36906,4.0,chr1
C1orf174,0.1536,3.0,chr1
C1orf185,-0.95363,3.0,chr1
C1orf186,-1.15743,5.0,chr1
C1orf189,-0.08445,6.0,chr1
C1orf194,-0.21685,4.0,chr1
C1orf198,-0.19559,4.0,chr1
C1orf21,-0.19808,5.0,chr1
C1orf210,-0.38578,3.0,chr1
C1orf216,-0.7630399999999999,3.0,chr1
C1orf226,-0.8311299999999999,5.0,chr1
C1orf228,0.13722,3.0,chr1
C1orf27,-0.27374,5.0,chr1
C1orf35,-0.23931999999999998,5.0,chr1
C1orf43,-1.04023,6.0,chr1
C1orf50,-0.22516,3.0,chr1
C1orf52,-0.30873,4.0,chr1
C1orf53,-0.1568,5.0,chr1
C1orf54,0.03517,5.0,chr1
C1orf56,-0.35055,5.0,chr1
C1orf61,-0.33824,5.0,chr1
C1orf64,-0.05321,3.0,chr1
C1orf68,0.2016,5.0,chr1
C1orf74,-0.01865,5.0,chr1
C1orf87,-1.3787399999999999,4.0,chr1
C1orf94,0.19371,3.0,chr1
C2CD4D,-0.44314,5.0,chr1
C4BPA,-0.8826,5.0,chr1
C4BPB,-0.41527,5.0,chr1
C8A,0.23833000000000001,4.0,chr1
C8B,0.0912,4.0,chr1
CA10,-0.2872,2.0,chr17
CA14,-0.25737,5.0,chr1
CA4,0.21971,2.0,chr17
CA6,0.23229,3.0,chr1
CACHD1,-0.16094,4.0,chr1
CACNA1E,0.15012,5.0,chr1
CACNA1G,-0.17583,2.0,chr17
CACNA1S,-0.34293,5.0,chr1
CACNB1,-2.42876,14.0,chr17
CACNG1,-0.6768,5.0,chr17
CACNG4,-0.7729600000000001,5.0,chr17
CACNG5,-0.37919,5.0,chr17
CACYBP,-0.29784,5.0,chr1
CADM3,-0.09767,5.0,chr1
CALCOCO2,-0.06855,2.0,chr17
CALML6,-0.23578000000000002,3.0,chr1
CAMK1G,0.06443,5.0,chr1
CAMK2N1,-0.20016,3.0,chr1
CAMKK1,0.34948,3.0,chr17
CAMSAP2,-0.8187399999999999,5.0,chr1
CAMTA1,-0.47203999999999996,3.0,chr1
CAMTA2,0.1529,3.0,chr17
CANT1,-0.96715,6.0,chr17
CAP1,-0.1072,3.0,chr1
CAPN2,0.0792,5.0,chr1
CAPN9,0.04865,4.0,chr1
CAPZA1,-0.5948899999999999,4.0,chr1
CAPZB,-1.05349,3.0,chr1
CARD14,-0.69604,5.001567561918696,chr17
CASC3,-2.24447,11.0,chr17
CASKIN2,-0.43828,3.0,chr17
CASP9,-0.11875999999999999,3.0,chr1
CASQ1,0.28037,5.0,chr1
CASQ2,-0.07875,4.0,chr1
CASZ1,-0.40769,3.0,chr1
CATSPER4,-0.39257,3.0,chr1
CAVIN1,-0.38156999999999996,6.0,chr17
CBX1,-0.24281,2.0,chr17
CBX2,-0.23059000000000002,6.0,chr17
CBX4,-0.86218,6.0,chr17
CBX8,-0.10007,6.0,chr17
CC2D1B,-0.20983000000000002,3.0,chr1
CCDC103,0.32111999999999996,2.0,chr17
CCDC137,-0.45876000000000006,3.0,chr17
CCDC144A,0.02814,3.0,chr17
CCDC144NL,-0.17375,2.0,chr17
CCDC17,-0.07403,3.0,chr1
CCDC181,-0.28311,5.0,chr1
CCDC182,-0.08875,2.0,chr17
CCDC24,-0.29397,3.0,chr1
CCDC27,0.21256999999999998,3.0,chr1
CCDC28B,-0.12197999999999999,3.0,chr1
CCDC30,-0.09734,3.0,chr1
CCDC40,-0.71553,6.0,chr17
CCDC42,-0.23223000000000002,3.0,chr17
CCDC43,-0.72305,2.0,chr17
CCDC47,-0.55337,5.0,chr17
CCL1,-0.14105,2.0,chr17
CCL11,-0.02134,2.0,chr17
CCL13,-0.46451000000000003,2.0,chr17
CCL14,0.0667,2.0,chr17
CCL15,-0.9450200000000001,2.0,chr17
CCL16,-0.00958,2.0,chr17
CCL18,-0.05306,2.0,chr17
CCL2,0.06189,2.0,chr17
CCL23,-0.71263,2.0,chr17
CCL3,0.2925,2.0,chr17
CCL4,-0.02389,2.0,chr17
CCL5,-0.36656,2.0,chr17
CCL7,-0.24306,2.0,chr17
CCL8,-0.25979,2.0,chr17
CCNL2,0.10446,3.0,chr1
CCR10,-0.06742000000000001,2.0,chr17
CCR7,-0.67538,7.0,chr17
CCSAP,-0.10187,4.0,chr1
CCT3,-2.1214,5.0,chr1
CCT6B,-0.46597,2.0,chr17
CD101,-0.17759,4.0,chr1
CD160,-0.023180000000000003,5.0,chr1
CD164L2,0.34364,3.0,chr1
CD1A,-0.22115,5.0,chr1
CD1B,-0.11533,5.0,chr1
CD1C,0.28242,5.0,chr1
CD1D,0.18749000000000002,5.0,chr1
CD1E,-0.12929000000000002,5.0,chr1
CD2,-0.6325,4.0,chr1
CD244,-0.11815999999999999,5.0,chr1
CD247,-0.24364,5.0,chr1
CD300A,0.00435,3.0,chr17
CD300C,-0.7891199999999999,3.0,chr17
CD300LD,-0.15631,3.0,chr17
CD300LF,-0.36043000000000003,3.0,chr17
CD300LG,-0.57995,2.0,chr17
CD34,-0.0855,5.0,chr1
CD46,-0.1101,5.0,chr1
CD48,-1.09919,5.0,chr1
CD52,-0.56517,3.0,chr1
CD53,-0.17071,4.0,chr1
CD55,-0.10899,5.0,chr1
CD58,-0.22598000000000001,4.0,chr1
CD5L,-0.15277000000000002,5.0,chr1
CD68,-0.046310000000000004,3.0,chr17
CD7,-0.38015,3.0,chr17
CD79B,-0.80655,5.0,chr17
CD84,-0.0006,5.0,chr1
CDA,0.25659,3.0,chr1
CDC14A,0.15249000000000001,4.0,chr1
CDC20,-3.07484,3.0,chr1
CDC27,-4.48535,2.0,chr17
CDC42,-1.6393400000000002,3.0,chr1
CDC42BPA,-0.44228999999999996,5.0,chr1
CDC42EP4,-0.8340299999999999,3.0,chr17
CDC42SE1,-0.48765,5.0,chr1
CDC6,-2.37155,11.0,chr17
CDC7,-2.6207700000000003,4.0,chr1
CDC73,-2.34171,5.0,chr1
CDCA8,-1.8865599999999998,3.0,chr1
CDCP2,-0.43799999999999994,3.0,chr1
CDK11A,-3.23657,3.0,chr1
CDK12,-4.12296,14.0,chr17
CDK18,-0.01892,5.0,chr1
CDK3,-0.13159,3.0,chr17
CDK5R1,0.0619,2.0,chr17
CDK5RAP3,-0.25499,2.0,chr17
CDKN2C,0.2911,3.0,chr1
CDR2L,-0.14139000000000002,3.0,chr17
CDRT1,-0.38037,3.0,chr17
CDRT15,-0.34965,3.0,chr17
CDRT15L2,-0.03137,2.0,chr17
CELA2A,-0.025639999999999996,3.0,chr1
CELA2B,0.03261,3.0,chr1
CELA3A,-0.33838,3.0,chr1
CELA3B,0.26009,3.0,chr1
CELF3,-0.23831,5.0,chr1
CELSR2,-1.1252,4.0,chr1
CENPF,0.0273,5.0,chr1
CENPL,-1.0052299999999998,5.0,chr1
CENPS,0.12002,3.0,chr1
CENPS-CORT,0.06315,3.0,chr1
CENPV,0.32135,3.0,chr17
CENPX,-0.33414,3.0,chr17
CEP104,-0.043930000000000004,3.0,chr1
CEP112,-1.2128299999999999,5.0,chr17
CEP131,-0.18830999999999998,3.0,chr17
CEP170,-0.42111000000000004,4.0,chr1
CEP350,-0.6470600000000001,5.0,chr1
CEP85,-0.5547300000000001,3.0,chr1
CEP95,-1.00767,5.0,chr17
CEPT1,-0.39373,4.0,chr1
CERS2,-0.74229,5.0,chr1
CFAP45,-0.18287,5.0,chr1
CFAP52,0.09117,3.0,chr17
CFAP57,-0.81944,3.0,chr1
CFH,-0.72626,5.0,chr1
CFHR1,-0.1866,5.0,chr1
CFHR2,-0.6066699999999999,5.0,chr1
CFHR3,0.15150999999999998,5.0,chr1
CFHR4,-0.03195,5.0,chr1
CFHR5,-0.5140600000000001,5.0,chr1
CGN,-0.02804,5.0,chr1
CHAD,-0.29277,2.0,chr17
CHD1L,-1.01085,5.0,chr1
CHD3,0.16363,3.0,chr17
CHD5,-0.16154000000000002,3.0,chr1
CHI3L1,0.26256,5.0,chr1
CHI3L2,-1.07881,4.0,chr1
CHIA,-0.19341,4.0,chr1
CHIT1,0.05239,5.0,chr1
CHML,0.11304000000000002,4.0,chr1
CHMP6,-2.21008,3.0,chr17
CHRM3,0.28986999999999996,4.0,chr1
CHRNB1,-0.03573,3.0,chr17
CHRNB2,-0.16974,6.0,chr1
CHRNE,0.27896,3.0,chr17
CHTOP,-0.5247,5.0,chr1
CISD3,-1.1158,2.0,chr17
CITED4,-0.5232600000000001,3.0,chr1
CLCA1,0.00828,4.0,chr1
CLCA2,0.36301,4.0,chr1
CLCA4,-0.12796,4.0,chr1
CLCC1,-1.37024,4.0,chr1
CLCN6,-0.05781,3.0,chr1
CLCNKA,-0.21703000000000003,3.0,chr1
CLCNKB,-0.04264,3.0,chr1
CLDN19,-0.18444000000000002,3.0,chr1
CLDN7,0.057260000000000005,3.0,chr17
CLEC10A,0.29013,3.0,chr17
CLIC4,0.07856,3.0,chr1
CLK2,-0.65208,5.0,chr1
CLSPN,-1.54407,3.0,chr1
CLSTN1,0.33912,3.0,chr1
CLTC,-4.00307,2.0,chr17
CLUH,0.11387,3.0,chr17
CMPK1,-0.75877,3.0,chr1
CNIH3,0.02988,5.0,chr1
CNIH4,-0.04431,5.0,chr1
CNKSR1,-0.27912,3.0,chr1
CNN3,-0.62221,4.0,chr1
CNP,-0.34210999999999997,6.0,chr17
CNR2,0.12115999999999999,3.0,chr1
CNST,0.03636,4.0,chr1
CNTD1,-0.1382,2.0,chr17
CNTN2,-0.0525,5.0,chr1
CNTNAP1,0.00957,2.0,chr17
CNTROB,0.37985,3.0,chr17
COA3,-0.48918,2.0,chr17
COA6,-0.20175,4.0,chr1
COA7,-0.02988,3.0,chr1
COASY,-0.52847,2.0,chr17
COG1,-0.36232,3.0,chr17
COG2,-0.63856,4.0,chr1
COIL,-1.1783700000000001,2.0,chr17
COL11A1,-0.11358,4.0,chr1
COL16A1,0.15506,3.0,chr1
COL1A1,-0.20536,2.0,chr17
COL24A1,-0.058289999999999995,4.0,chr1
COL8A2,0.13821,3.0,chr1
COL9A2,0.16127,3.0,chr1
COLGALT2,-0.1773,5.0,chr1
COPA,-1.9191099999999999,5.0,chr1
COPRS,-0.8994200000000001,2.0,chr17
COPS3,-0.6097600000000001,3.0,chr17
COQ8A,-0.00227,5.0,chr1
CORO6,-1.22262,6.0,chr17
CORT,-0.76417,3.0,chr1
COX10,-0.47511000000000003,3.0,chr17
COX11,-0.38225,2.0,chr17
COX20,-1.51534,4.0,chr1
CPD,-1.31006,6.0,chr17
CPSF4L,-0.6369100000000001,3.0,chr17
CPT2,-0.26245999999999997,3.0,chr1
CPTP,0.45743999999999996,3.0,chr1
CR1,0.22657,5.0,chr1
CR1L,-0.16987,5.0,chr1
CR2,0.08769,5.0,chr1
CRABP2,-0.27021,5.0,chr1
CRB1,0.25058,5.0,chr1
CRCT1,-0.9162,5.0,chr1
CREB3L4,-0.2203,6.0,chr1
CREG1,-0.2233,5.0,chr1
CRHR1,-0.44495,2.0,chr17
CRK,-0.27036,3.0,chr17
CRLF3,-1.5164,6.0,chr17
CRNN,-1.00525,5.0,chr1
CROCC,-0.22471,3.0,chr1
CRP,-0.36845,5.0,chr1
CRTC2,-1.34728,6.0,chr1
CRYBA1,-0.79484,6.0,chr17
CRYZ,0.22466,4.0,chr1
CSDE1,-0.64446,4.0,chr1
CSF1,-0.24453000000000003,4.0,chr1
CSF3,-2.036,11.0,chr17
CSF3R,-0.12602,3.0,chr1
CSH1,-1.74463,5.0,chr17
CSH2,-1.3493899999999999,5.0,chr17
CSHL1,-0.6090399999999999,5.0,chr17
CSMD2,0.1662,3.0,chr1
CSNK1D,-0.29877,3.0,chr17
CSRP1,-0.12287999999999999,5.0,chr1
CTBS,0.16885999999999998,4.0,chr1
CTC1,0.1554,3.0,chr17
CTDNEP1,-0.8352299999999999,3.0,chr17
CTH,0.02712,4.0,chr1
CTNNBIP1,0.0186,3.0,chr1
CTNS,-0.033460000000000004,3.0,chr17
CTPS1,-1.4111799999999999,3.0,chr1
CTRC,0.12928,3.0,chr1
CTSE,0.16432,5.0,chr1
CTSK,0.10811,5.0,chr1
CTSS,-0.36006,5.0,chr1
CTTNBP2NL,-0.08954,4.0,chr1
CUEDC1,-0.36712,2.0,chr17
CWC25,-0.53689,2.0,chr17
CXCL16,0.03893,3.0,chr17
CYB561,-0.82383,5.0,chr17
CYB561D1,-0.44459,4.0,chr1
CYB5D1,0.16330999999999998,3.0,chr17
CYB5D2,0.09836,3.0,chr17
CYB5R1,-0.3723,5.0,chr1
CYB5RL,0.26256999999999997,3.0,chr1
CYGB,-0.36538000000000004,3.0,chr17
CYP2J2,-0.12283,4.0,chr1
CYP4A11,-0.19666,3.0,chr1
CYP4A22,-0.09104,3.0,chr1
CYP4B1,-0.0308,3.0,chr1
CYP4X1,-0.27831,3.0,chr1
CYP4Z1,0.00351,3.0,chr1
CYR61,-0.23260999999999998,4.0,chr1
CYTH1,-0.35763,3.971833217787462,chr17
DAB1,-0.13129000000000002,4.0,chr1
DAP3,-2.08222,5.0,chr1
DARS2,-0.33979000000000004,5.0,chr1
DBF4B,-0.49556000000000006,2.0,chr17
DBT,-0.44448000000000004,4.0,chr1
DCAF6,-0.05218,5.0,chr1
DCAF8,-0.26684,5.0,chr1
DCAKD,-0.20881999999999998,2.0,chr17
DCDC2B,-0.49391999999999997,3.0,chr1
DCLRE1B,-0.27985,4.0,chr1
DCST1,-0.1674,5.0,chr1
DCST2,0.02014,5.0,chr1
DCXR,-0.35101,3.0,chr17
DDAH1,-0.21953000000000003,4.0,chr1
DDI2,-0.61195,3.0,chr1
DDOST,-0.71222,3.0,chr1
DDR2,0.14714000000000002,5.0,chr1
DDX20,-1.77247,4.0,chr1
DDX42,-1.45325,5.0,chr17
DDX5,-1.54372,5.0,chr17
DDX52,-2.7396700000000003,2.0,chr17
DDX59,-0.66601,5.0,chr1
DEDD,-0.36468,5.0,chr1
DEGS1,-0.6389600000000001,5.0,chr1
DENND1B,-0.16418,5.0,chr1
DENND2C,-0.03582,4.0,chr1
DENND2D,-0.17218,4.0,chr1
DENND4B,-0.32331,6.0,chr1
DEPDC1,-1.41489,4.0,chr1
DERL2,-0.18671,3.0,chr17
DESI2,0.09183,4.0,chr1
DFFA,-0.19708,3.0,chr1
DFFB,0.05366,3.0,chr1
DGKE,-0.1047,2.0,chr17
DHCR24,-0.23740999999999998,3.0,chr1
DHDDS,-4.28664,3.0,chr1
DHRS11,-0.17928,2.0,chr17
DHRS13,-1.52826,6.0,chr17
DHRS3,0.020730000000000002,3.0,chr1
DHRS7B,0.07237,2.0,chr17
DHRS7C,0.12602,3.0,chr17
DHX33,-0.77612,3.0,chr17
DHX40,-0.28911,2.0,chr17
DHX58,-0.40728000000000003,6.0,chr17
DHX8,-2.47339,2.0,chr17
DHX9,-4.4253,5.0,chr1
DIEXF,-0.7702600000000001,5.0,chr1
DIO1,-0.0356,3.0,chr1
DIRAS3,-0.23076999999999998,4.0,chr1
DISC1,-0.11717000000000001,4.0,chr1
DISP1,0.13135,5.0,chr1
DISP3,0.28796,3.0,chr1
DLG4,-0.00314,3.0,chr17
DLGAP3,0.17289000000000002,3.0,chr1
DLX3,-0.017490000000000002,2.0,chr17
DLX4,0.04558,2.0,chr17
DMAP1,-2.42718,3.0,chr1
DMBX1,0.25101999999999997,3.0,chr1
DMRTA2,-0.13402,3.0,chr1
DMRTB1,-0.13479000000000002,3.0,chr1
DNAH14,0.009940000000000001,5.0,chr1
DNAH2,0.07025,3.0,chr17
DNAH9,0.33150999999999997,3.0,chr17
DNAI2,-0.25301,3.0,chr17
DNAJB4,0.19782,4.0,chr1
DNAJC11,0.08188,3.0,chr1
DNAJC16,-0.55056,3.0,chr1
DNAJC6,0.06143,4.0,chr1
DNAJC7,-1.48999,6.0,chr17
DNAJC8,-1.3641,3.0,chr1
DNALI1,-0.10787999999999999,3.0,chr1
DNASE2B,-0.09717999999999999,4.0,chr1
DNM3,0.01237,5.0,chr1
DNTTIP2,-0.71129,4.0,chr1
DOCK7,0.24327,4.0,chr1
DPH1,0.25333,3.0,chr17
DPH2,0.12118,3.0,chr1
DPH5,-0.31611999999999996,4.0,chr1
DPM3,-0.29067,5.0,chr1
DPT,-0.16885,5.0,chr1
DPYD,-0.12594,4.0,chr1
DR1,-0.7992,4.0,chr1
DRAM2,-1.41946,4.0,chr1
DRAXIN,-0.16971,3.0,chr1
DRC3,0.13449,3.0,chr17
DRG2,0.30294,3.0,chr17
DSTYK,0.07711,5.0,chr1
DTL,-1.58245,5.0,chr1
DUS1L,-0.38528,3.0,chr17
DUSP10,-0.00896,5.0,chr1
DUSP12,-0.4667,5.0,chr1
DUSP14,-0.7300300000000001,2.0,chr17
DUSP23,0.061,5.0,chr1
DUSP27,0.01031,5.0,chr1
DUSP3,-0.2471,2.0,chr17
DVL1,0.14633,3.0,chr1
DVL2,-0.01755,3.0,chr17
DYNLL2,-0.7005,2.0,chr17
DYRK3,-0.06891,5.0,chr1
E2F2,0.09819,3.0,chr1
EBNA1BP2,-1.1593,3.0,chr1
ECE1,-0.016280000000000003,3.0,chr1
ECHDC2,0.0973,3.0,chr1
ECM1,-0.27758,5.0,chr1
EDARADD,0.01245,4.0,chr1
EDEM3,-0.33507,5.0,chr1
EDN2,-0.48271000000000003,3.0,chr1
EFCAB13,-0.23799,2.0,chr17
EFCAB14,-0.045239999999999995,3.0,chr1
EFCAB2,-0.79464,4.0,chr1
EFCAB3,-0.34686,2.0,chr17
EFCAB5,-1.35432,6.0,chr17
EFCAB7,-0.49598000000000003,4.0,chr1
EFHD2,0.12137,3.0,chr1
EFNA1,0.13569,5.0,chr1
EFNA3,-0.15482,5.0,chr1
EFNA4,-0.76202,5.0,chr1
EFNB3,0.05977999999999999,3.0,chr17
EFTUD2,-2.6242799999999997,2.0,chr17
EGLN1,-0.053329999999999995,4.0,chr1
EIF1,-3.71976,6.0,chr17
EIF2B3,-3.6489300000000005,3.0,chr1
EIF2D,-0.28959,5.0,chr1
EIF3I,-2.22377,3.0,chr1
EIF4A1,-3.09449,3.0,chr17
EIF4A3,-2.61461,6.0,chr17
EIF4G3,0.13722,3.0,chr1
EIF5A,-3.5033300000000005,3.0,chr17
ELAC2,-0.9269,3.0,chr17
ELAVL4,-0.07799,3.0,chr1
ELF3,0.06942000000000001,5.0,chr1
ELK4,-0.2981,5.0,chr1
ELOA,0.07007000000000001,3.0,chr1
ELOVL1,-0.39855999999999997,3.0,chr1
ELP5,-1.2001,3.0,chr17
EMC1,-0.6663899999999999,3.0,chr1
EMC6,-0.01466,3.0,chr17
EME1,0.17336,2.0,chr17
ENAH,-0.8405100000000001,5.0,chr1
ENDOV,-0.51894,4.0,chr17
ENGASE,-0.39801,6.0,chr17
ENO1,-0.13178,3.0,chr1
ENO3,-0.01644,3.0,chr17
ENPP7,-0.9481799999999999,6.0,chr17
ENSA,-1.2057200000000001,5.0,chr1
EPB41,0.0051,3.0,chr1
EPHA10,-0.04185,3.0,chr1
EPHA2,0.04635,3.0,chr1
EPHA8,0.28865,3.0,chr1
EPHB2,0.23045,3.0,chr1
EPHX1,-0.42688000000000004,5.0,chr1
EPHX4,-0.19174000000000002,4.0,chr1
EPN2,0.0445,3.0,chr17
EPN3,0.06135,2.0,chr17
EPRS,-1.81998,5.0,chr1
EPS15,0.1117,3.0,chr1
EPS8L3,-0.7017,4.0,chr1
EPX,-0.19172999999999998,2.0,chr17
ERAL1,-0.92601,6.0,chr17
ERBB2,-4.82468,14.0,chr17
ERI3,-0.0035600000000000002,3.0,chr1
ERMAP,0.21903000000000003,3.0,chr1
ERN1,-0.7829699999999999,5.0,chr17
ERO1B,-0.11657000000000001,4.0,chr1
ERRFI1,-0.09816,3.0,chr1
ESPN,0.02501,3.0,chr1
ESRRG,-0.05025,5.0,chr1
ETNK2,-0.08806,5.0,chr1
ETV3,-0.15183,5.0,chr1
ETV3L,-0.44388999999999995,5.0,chr1
ETV4,-0.28531999999999996,2.0,chr17
EVA1B,0.043539999999999995,3.0,chr1
EVI2A,0.05637,2.0,chr17
EVI2B,0.02474,2.0,chr17
EVI5,-0.0418,4.0,chr1
EVPL,-0.48966000000000004,3.0,chr17
EVPLL,-0.23723000000000002,3.0,chr17
EXO1,0.24681,4.0,chr1
EXO5,0.26100999999999996,3.0,chr1
EXOC7,-0.62763,3.0,chr17
EXOC8,-1.45841,4.0,chr1
EXOSC10,-0.38685,3.0,chr1
EXTL1,-0.02725,3.0,chr1
EXTL2,-0.5139699999999999,4.0,chr1
EYA3,-0.31938,3.0,chr1
EZH1,-0.28341,2.0,chr17
F11R,-0.68579,5.0,chr1
F13B,-0.15048,5.0,chr1
F3,0.10687999999999999,4.0,chr1
F5,-0.45665,5.0,chr1
FAAH,0.07157999999999999,3.0,chr1
FABP3,0.28998,3.0,chr1
FADS6,-0.13414,3.0,chr17
FAF1,0.05811,3.0,chr1
FAM102B,-0.49196999999999996,4.0,chr1
FAM104A,-0.25418,3.0,chr17
FAM110D,0.10029,3.0,chr1
FAM117A,-0.25728,2.0,chr17
FAM129A,-0.05948,5.0,chr1
FAM131C,-0.30673,3.0,chr1
FAM151A,-0.62473,3.0,chr1
FAM159A,-0.0017699999999999999,3.0,chr1
FAM163A,0.0513,5.0,chr1
FAM167B,0.03701,3.0,chr1
FAM171A2,-0.1853,2.0,chr17
FAM177B,-0.7691,5.0,chr1
FAM183A,0.02326,3.0,chr1
FAM189B,-0.07488,5.0,chr1
FAM19A3,-0.00345,4.0,chr1
FAM20A,-0.14757,5.867582715602965,chr17
FAM20B,-0.15114,5.0,chr1
FAM212B,-0.20065999999999998,4.0,chr1
FAM213B,-0.01154,3.0,chr1
FAM222B,-1.20079,6.0,chr17
FAM229A,-0.12705999999999998,3.0,chr1
FAM43B,0.02433,3.0,chr1
FAM46B,0.14594000000000001,3.0,chr1
FAM46C,-0.03495,4.0,chr1
FAM57A,0.3668,3.0,chr17
FAM69A,0.05334,4.0,chr1
FAM71A,-0.12722999999999998,5.0,chr1
FAM72D,-1.6719,4.0,chr1
FAM76A,0.23023000000000002,3.0,chr1
FAM78B,-0.07775,5.0,chr1
FAM83G,-0.00479,3.0,chr17
FAM89A,-0.013359999999999999,4.0,chr1
FASLG,0.00331,5.0,chr1
FASN,-0.25549,3.0,chr17
FBF1,-0.42745,3.0,chr17
FBLIM1,-0.46742,3.0,chr1
FBXL20,-2.05619,14.0,chr17
FBXO2,0.16498,3.0,chr1
FBXO28,-0.06448999999999999,5.0,chr1
FBXO39,-0.04748,3.0,chr17
FBXO42,-0.32316999999999996,3.0,chr1
FBXO44,-0.12287000000000001,3.0,chr1
FBXO47,-0.59973,2.0,chr17
FBXO6,-0.08454,3.0,chr1
FBXW10,-0.0405,3.0,chr17
FCAMR,0.18975,5.0,chr1
FCER1A,0.8401200000000001,5.0,chr1
FCER1G,0.34293,5.0,chr1
FCGR1A,-1.50991,5.0,chr1
FCGR1B,-1.98338,4.0,chr1
FCGR2A,-0.43443999999999994,5.0,chr1
FCGR2B,-0.39400999999999997,5.0,chr1
FCGR3A,0.06588,5.0,chr1
FCGR3B,-0.34548,5.0,chr1
FCMR,-0.034960000000000005,5.0,chr1
FCN3,-0.09477999999999999,3.0,chr1
FCRL1,0.12495,5.0,chr1
FCRL2,0.1524,5.0,chr1
FCRL3,-0.39146,5.0,chr1
FCRL4,-0.28617,5.0,chr1
FCRL5,-0.28113,5.0,chr1
FCRL6,-0.12452,5.0,chr1
FCRLA,-0.12686,5.0,chr1
FCRLB,-0.05691,5.0,chr1
FDPS,-0.46981999999999996,5.0,chr1
FDXR,-0.84339,3.0,chr17
FGF11,0.25843,3.0,chr17
FGGY,-0.68383,4.0,chr1
FGR,-0.39453,3.0,chr1
FH,0.022369999999999998,4.0,chr1
FHL3,0.05495,3.0,chr1
FKBP10,-0.73697,6.0,chr17
FLAD1,-0.13076,5.0,chr1
FLCN,-0.27921,3.0,chr17
FLG,-0.19234,5.0,chr1
FLG2,-0.28144,5.0,chr1
FLII,-0.19478,3.0,chr17
FLOT2,-1.06192,6.0,chr17
FLVCR1,-0.00941,5.0,chr1
FMN2,0.13644,4.0,chr1
FMNL1,-0.16261,2.0,chr17
FMO1,-0.12289000000000001,5.0,chr1
FMO2,-0.49087,5.0,chr1
FMO3,-0.39928,5.0,chr1
FMO4,0.19324000000000002,5.0,chr1
FMO5,0.07342,5.0,chr1
FMOD,-0.012320000000000001,5.0,chr1
FN3K,-0.2238,3.0,chr17
FN3KRP,-0.27108000000000004,3.0,chr17
FNBP1L,-0.39396,4.0,chr1
FNDC5,0.12165999999999999,3.0,chr1
FNDC7,-0.33076,4.0,chr1
FNDC8,-0.2332,2.0,chr17
FOXD2,0.08121,3.0,chr1
FOXD3,0.12596,4.0,chr1
FOXE3,0.08598,3.0,chr1
FOXJ1,-0.46867,3.0,chr17
FOXJ3,-0.09201000000000001,3.0,chr1
FOXK2,-0.75363,3.0,chr17
FOXN1,-0.79243,6.0,chr17
FPGT,0.03165,4.0,chr1
FPGT-TNNI3K,-0.56007,4.0,chr1
FRRS1,-0.43423999999999996,4.0,chr1
FSCN2,-0.17074,3.0,chr17
FTSJ3,-2.09594,5.0,chr17
FUBP1,-1.4963,4.0,chr1
FUCA1,-0.16429000000000002,3.0,chr1
FXR2,-0.29564,3.0,chr17
FZD2,-0.45188,2.0,chr17
G0S2,0.28946,5.0,chr1
G6PC,-0.16804000000000002,2.0,chr17
G6PC3,-0.24939,2.0,chr17
GAA,-0.89466,6.0,chr17
GABARAP,0.14995999999999998,3.0,chr17
GABPB2,-0.26069000000000003,5.0,chr1
GABRD,-0.12415,3.0,chr1
GADD45A,0.13282,4.0,chr1
GALE,0.40481999999999996,3.0,chr1
GALK1,-0.22246999999999997,3.0,chr17
GALNT2,-0.04767,4.0,chr1
GALR2,-0.36299000000000003,3.0,chr17
GAS2L2,-0.77885,2.0,chr17
GAS7,0.04526,3.0,chr17
GAST,-0.48722,6.0,chr17
GATAD2B,-0.9535899999999999,6.0,chr1
GBA,-0.19591,5.0,chr1
GBP1,-0.62447,4.0,chr1
GBP2,0.09483,4.0,chr1
GBP3,-0.47365,4.0,chr1
GBP4,-0.45938,4.0,chr1
GBP5,-0.9288700000000001,4.0,chr1
GBP6,-0.11912,4.0,chr1
GBP7,0.24011,4.0,chr1
GCGR,-0.7561399999999999,3.0,chr17
GCLM,0.09329,4.0,chr1
GCSAML,-0.06646,4.0,chr1
GDAP2,-0.32156999999999997,4.0,chr1
GDPD1,-0.0823,2.0,chr17
GEMIN4,-0.52671,3.0,chr17
GFAP,-0.02805,2.0,chr17
GFI1,0.12444000000000001,4.0,chr1
GGA3,-0.47415,3.0,chr17
GGNBP2,-0.03294,2.0,chr17
GGPS1,-0.52327,4.0,chr1
GGT6,0.2283,3.0,chr17
GH1,-1.20478,5.0,chr17
GH2,-0.40817,5.0,chr17
GHDC,-0.56817,6.0,chr17
GID4,-0.10655,3.0,chr17
GIP,-0.02214,2.0,chr17
GIPC2,-0.24791,4.0,chr1
GIT1,-0.81299,6.0,chr17
GJA4,-0.07199,3.0,chr1
GJA5,-0.22934000000000002,5.0,chr1
GJA8,-0.15529,5.0,chr1
GJA9,-0.09867999999999999,3.0,chr1
GJB3,-0.13133,3.0,chr1
GJB4,0.11500999999999999,3.0,chr1
GJB5,-0.15265,3.0,chr1
GJC1,-0.01415,2.0,chr17
GJC2,0.31406999999999996,5.0,chr1
GJD3,-0.55347,7.0,chr17
GLIS1,-0.027710000000000002,3.0,chr1
GLMN,0.23811999999999997,4.0,chr1
GLOD4,-0.5524899999999999,3.0,chr17
GLP2R,0.16380999999999998,3.0,chr17
GLRX2,-0.16154000000000002,5.0,chr1
GLTPD2,0.08277999999999999,3.0,chr17
GLUL,0.0172,5.0,chr1
GMEB1,-0.35781999999999997,3.0,chr1
GNA13,-0.45313000000000003,5.0,chr17
GNAI3,-0.52659,4.0,chr1
GNAT2,-0.23405,4.0,chr1
GNB1,0.07905,3.0,chr1
GNG12,0.1368,4.0,chr1
GNG4,-0.012,4.0,chr1
GNG5,-1.6001,4.0,chr1
GNGT2,0.20431,2.0,chr17
GNL2,-1.4131,3.0,chr1
GNPAT,0.08566,4.0,chr1
GOLPH3L,-0.28474,5.0,chr1
GOLT1A,-0.5353399999999999,5.0,chr1
GON4L,-0.45746000000000003,5.0,chr1
GORAB,0.015609999999999999,5.0,chr1
GOSR1,-0.79676,6.0,chr17
GOSR2,-1.40324,2.0,chr17
GP1BA,0.04144,3.0,chr17
GPA33,-0.08395,5.0,chr1
GPATCH2,0.07069,5.0,chr1
GPATCH3,0.29775,3.0,chr1
GPATCH4,0.09754,5.0,chr1
GPATCH8,-0.93324,2.0,chr17
GPBP1L1,0.09376,3.0,chr1
GPN2,-1.9431900000000002,3.0,chr1
GPR137B,0.03689,4.0,chr1
GPR142,-0.2399,3.0,chr17
GPR153,0.06094,3.0,chr1
GPR157,0.18674000000000002,3.0,chr1
GPR161,-0.55914,5.0,chr1
GPR179,-0.23995999999999998,2.0,chr17
GPR25,-0.36198,5.0,chr1
GPR3,0.08665,3.0,chr1
GPR37L1,-0.4206,5.0,chr1
GPR52,-0.3069,5.0,chr1
GPR61,-0.32358000000000003,4.0,chr1
GPR88,0.06962,4.0,chr1
GPR89A,-0.36474,5.0,chr1
GPR89B,-0.38578,5.0,chr1
GPRC5C,-0.20255,3.0,chr17
GPS1,-2.5825400000000003,3.0,chr17
GPS2,0.03138,3.0,chr17
GPSM2,0.03536,4.0,chr1
GPX7,0.31926,3.0,chr1
GRAP,-0.01784,3.0,chr17
GRAPL,0.14555,3.0,chr17
GRB2,-0.6804100000000001,3.0,chr17
GRB7,-2.14293,14.0,chr17
GREM2,0.16028,4.0,chr1
GRHL3,0.28079,3.0,chr1
GRIK3,0.030539999999999998,3.0,chr1
GRIN2C,-0.51798,3.0,chr17
GRN,-0.36252,2.0,chr17
GSDMA,-2.45959,11.0,chr17
GSDMB,-2.91649,14.0,chr17
GSTM1,-0.0411,4.0,chr1
GSTM2,-0.09345,4.0,chr1
GSTM3,-0.5667399999999999,4.0,chr1
GSTM4,-0.40576999999999996,4.0,chr1
GSTM5,0.22,4.0,chr1
GTF2B,-2.8995,4.0,chr1
GUCA2A,-0.10827,3.0,chr1
GUCA2B,-0.27754,3.0,chr1
GUCY2D,-0.32092,3.0,chr17
GUK1,-0.85685,5.0,chr1
H3F3B,-1.09666,3.0,chr17
H6PD,0.14501,3.0,chr1
HAO2,-0.46662,4.0,chr1
HAP1,-1.40333,6.0,chr17
HAPLN2,-0.26292,5.0,chr1
HASPIN,-0.09664,3.0,chr17
HAX1,-0.35751,6.0,chr1
HCN3,0.46521999999999997,5.0,chr1
HCRT,-0.797,6.0,chr17
HCRTR1,0.05492999999999999,3.0,chr1
HDAC1,0.16275,3.0,chr1
HDAC5,-0.24921,2.0,chr17
HDGF,-0.43963,5.0,chr1
HEATR1,-2.48117,4.0,chr1
HEATR6,-0.03966,2.0,chr17
HECTD3,-0.28378000000000003,3.0,chr1
HELZ,-1.30346,5.0,chr17
HENMT1,-0.7086600000000001,4.0,chr1
HES2,0.17090999999999998,3.0,chr1
HES3,-0.10237,3.0,chr1
HES4,0.01955,3.0,chr1
HES5,0.01966,3.0,chr1
HES7,-0.08111,3.0,chr17
HEXDC,-0.00606,3.0,chr17
HEXIM1,-0.23464000000000002,2.0,chr17
HEXIM2,-0.28765999999999997,2.0,chr17
HEYL,-0.026889999999999997,3.0,chr1
HFE2,-0.50655,5.0,chr1
HFM1,0.17722000000000002,4.0,chr1
HGS,-1.68177,3.0,chr17
HHAT,0.08381,5.0,chr1
HHIPL2,-0.11358,5.0,chr1
HHLA3,-0.6065699999999999,4.0,chr1
HIC1,-0.03731,3.0,chr17
HID1,-0.45319,3.0,chr17
HIGD1B,-0.68525,2.0,chr17
HIPK1,-0.33018000000000003,4.0,chr1
HIST2H2AA3,-0.9143100000000001,5.0,chr1
HIST2H2AA4,-0.6078,5.0,chr1
HIST2H2AB,-0.09058,5.0,chr1
HIST2H2AC,-1.4695799999999999,5.0,chr1
HIST2H2BE,-1.48096,5.0,chr1
HIST2H2BF,-3.27489,5.0,chr1
HIST2H3A,-0.70482,5.0,chr1
HIST2H3C,-1.7733599999999998,5.0,chr1
HIST2H3D,-1.75204,5.0,chr1
HIST2H4A,-0.73639,5.0,chr1
HIST2H4B,-0.26383,5.0,chr1
HIST3H2A,-0.6916800000000001,5.0,chr1
HIST3H2BB,-0.42248,5.0,chr1
HIST3H3,-0.7801600000000001,5.0,chr1
HIVEP3,-0.0054399999999999995,3.0,chr1
HLF,0.1382,2.0,chr17
HLX,-0.00997,5.0,chr1
HMCN1,-0.28902,5.0,chr1
HMGB4,-0.06552999999999999,3.0,chr1
HMGCL,-0.07412,3.0,chr1
HMGCS2,0.13085,4.0,chr1
HMGN2,-0.63543,3.0,chr1
HNF1B,0.12639,2.0,chr17
HNRNPCL1,-0.04218,3.0,chr1
HNRNPR,-0.53014,3.0,chr1
HNRNPU,-2.53735,4.0,chr1
HOOK1,-0.24241,4.0,chr1
HORMAD1,-0.16654000000000002,5.0,chr1
HOXB1,-0.19899,2.0,chr17
HOXB13,-0.18782000000000001,2.0,chr17
HOXB2,-0.33089,2.0,chr17
HOXB3,-0.05331,2.0,chr17
HOXB4,-0.08939,2.0,chr17
HOXB5,-0.21834,2.0,chr17
HOXB6,-0.07467,2.0,chr17
HOXB7,0.00426,2.0,chr17
HOXB8,-0.10533,2.0,chr17
HOXB9,-0.15094000000000002,2.0,chr17
HP1BP3,0.2502,3.0,chr1
HPCA,0.01838,3.0,chr1
HPCAL4,-0.39205,3.0,chr1
HPDL,-0.22684,3.0,chr1
HRNR,0.21026,5.0,chr1
HS2ST1,-0.62026,4.0,chr1
HS3ST3A1,-0.1003,3.0,chr17
HS3ST3B1,0.26875,3.0,chr17
HSD11B1,-0.08865,5.0,chr1
HSD17B1,0.33401,2.0,chr17
HSD17B7,-0.17925,5.0,chr1
HSD3B1,-0.45271000000000006,4.0,chr1
HSD3B2,-1.05739,4.0,chr1
HSF5,-0.26916999999999996,2.0,chr17
HSPA6,-0.27131,5.0,chr1
HSPB11,-1.1589200000000002,3.0,chr1
HSPB7,-0.58232,3.0,chr1
HSPB9,-0.85104,6.0,chr17
HSPG2,0.030930000000000003,3.0,chr1
HTR1D,0.22719,3.0,chr1
HTR6,0.27516999999999997,3.0,chr1
HYI,-0.01515,3.0,chr1
IARS2,-1.12782,5.0,chr1
IBA57,-0.51884,5.0,chr1
ICAM2,-0.29736,5.0,chr17
ICMT,-0.39699,3.0,chr1
ID3,-0.07107000000000001,3.0,chr1
IER5,-0.13398,5.0,chr1
IFFO2,0.15625999999999998,3.0,chr1
IFI16,-0.36763,5.0,chr1
IFI35,-0.19952,2.0,chr17
IFI44,0.27596,4.0,chr1
IFI44L,-0.61829,4.0,chr1
IFI6,-0.18884,3.0,chr1
IFNLR1,-0.20144,3.0,chr1
IFT20,-0.92366,7.0,chr17
IGF2BP1,-0.2211,2.0,chr17
IGFBP4,-0.45233999999999996,7.0,chr17
IGFN1,-0.38201,5.0,chr1
IGSF21,-0.009470000000000001,3.0,chr1
IGSF3,0.06713,4.0,chr1
IGSF8,0.13154000000000002,5.0,chr1
IGSF9,0.15166,5.0,chr1
IKBKE,0.31573,5.0,chr1
IKZF3,-1.97776,14.0,chr17
IL10,-0.11804,5.0,chr1
IL12RB2,-0.29365,4.0,chr1
IL19,-0.33304,5.0,chr1
IL20,-0.00946,5.0,chr1
IL22RA1,-0.16284,3.0,chr1
IL23R,0.23131,4.0,chr1
IL24,-0.08294,5.0,chr1
IL6R,-0.32794,6.0,chr1
ILDR2,0.04702,5.0,chr1
ILF2,-0.92611,6.0,chr1
INCA1,0.20269,3.0,chr17
INPP5B,0.014169999999999999,3.0,chr1
INPP5K,0.15009,3.0,chr17
INSL5,-0.04365,4.0,chr1
INSRR,-0.23475,5.0,chr1
INTS11,-1.9729700000000001,3.0,chr1
INTS2,-2.2241,2.0,chr17
INTS3,-1.1846700000000001,6.0,chr1
INTS7,-0.67178,5.0,chr1
IPO13,-2.0378700000000003,3.0,chr1
IPO9,-0.21683000000000002,5.0,chr1
IPP,-0.09456,3.0,chr1
IQCC,0.23171,3.0,chr1
IQGAP3,0.04819,5.0,chr1
IRF2BP2,-0.22261,4.0,chr1
IRF6,0.5360199999999999,5.0,chr1
ISG15,-0.01454,3.0,chr1
ISG20L2,-1.1804299999999999,5.0,chr1
ITGA10,-0.25787,5.0,chr1
ITGA2B,-0.59945,2.0,chr17
ITGA3,-0.29586999999999997,2.0,chr17
ITGAE,0.17687999999999998,3.0,chr17
ITGB3,-0.23970999999999998,2.0,chr17
ITGB3BP,-0.18042,4.0,chr1
ITGB4,-0.40262,3.0,chr17
ITLN1,-0.28026,5.0,chr1
ITLN2,-0.02308,5.0,chr1
ITPKB,0.19052,5.0,chr1
IVL,0.04993,5.0,chr1
IVNS1ABP,-0.49288999999999994,5.0,chr1
JAK1,0.06023,4.0,chr1
JMJD4,-0.18661,5.0,chr1
JMJD6,-0.70133,3.0,chr17
JPT1,-0.78064,3.0,chr17
JTB,-1.13866,6.0,chr1
JUN,-0.15295,4.0,chr1
JUP,-0.41043,6.0,chr17
KANK4,-0.13876,4.0,chr1
KANSL1,-1.07199,2.0,chr17
KAT2A,-1.09944,6.0,chr17
KAT7,0.29743,2.0,chr17
KAZN,0.061489999999999996,3.0,chr1
KCNA10,-0.36161,4.0,chr1
KCNA2,-0.5670000000000001,4.0,chr1
KCNA3,-0.34901,4.0,chr1
KCNAB2,-0.00301,3.0,chr1
KCNAB3,0.2702,3.0,chr17
KCNC4,-0.19602,4.0,chr1
KCND3,-0.14985,4.0,chr1
KCNH1,-0.13126,5.0,chr1
KCNH4,-0.9133100000000001,6.0,chr17
KCNH6,-0.55806,5.0,chr17
KCNJ10,-0.04275,5.0,chr1
KCNJ12,0.31311,2.0,chr17
KCNJ16,-0.6330899999999999,5.0,chr17
KCNJ2,0.09038,5.0,chr17
KCNJ9,-0.5049100000000001,5.0,chr1
KCNK1,0.1209,4.0,chr1
KCNK2,-0.40984,5.0,chr1
KCNN3,-0.08767,5.770229065935035,chr1
KCNQ4,-0.0072299999999999994,3.0,chr1
KCNT2,-0.62275,5.0,chr1
KCTD11,0.11655,3.0,chr17
KCTD2,-0.39455,3.0,chr17
KCTD3,-0.48733000000000004,5.0,chr1
KDM1A,-0.41476999999999997,3.0,chr1
KDM4A,0.28346,3.0,chr1
KDM5B,-0.23667,5.0,chr1
KDM6B,0.34295,3.0,chr17
KHDRBS1,-0.40465999999999996,3.0,chr1
KIAA0100,-1.0423200000000001,6.0,chr17
KIAA0319L,0.13994,3.0,chr1
KIAA0753,0.034089999999999995,3.0,chr17
KIAA0907,-0.28414,5.0,chr1
KIAA1107,-0.12462999999999999,4.0,chr1
KIAA1324,-0.09361,4.0,chr1
KIAA1522,0.28135,3.0,chr1
KIAA1614,-0.07312,5.0,chr1
KIAA2013,-0.20463,3.0,chr1
KIF14,-0.9707,5.0,chr1
KIF17,-0.02416,3.0,chr1
KIF18B,-0.32332,2.0,chr17
KIF19,-0.04645,3.0,chr17
KIF1B,-0.14783,3.0,chr1
KIF1C,0.07322999999999999,3.0,chr17
KIF21B,-0.26226,5.0,chr1
KIF26B,0.13559000000000002,4.0,chr1
KIF2B,-0.47502,2.0,chr17
KIF2C,-0.32143,3.0,chr1
KIFAP3,-0.44388999999999995,5.0,chr1
KIRREL1,0.03203,5.0,chr1
KISS1,-0.32777,5.0,chr1
KLF17,-0.10125,3.0,chr1
KLHDC7A,-0.5154,3.0,chr1
KLHDC8A,-0.18897,5.0,chr1
KLHDC9,-0.2037,5.0,chr1
KLHL10,-0.53209,6.0,chr17
KLHL11,-0.71135,6.0,chr17
KLHL12,-0.08805,5.0,chr1
KLHL17,0.08800000000000001,3.0,chr1
KLHL20,-0.26603000000000004,5.0,chr1
KLHL21,0.05922,3.0,chr1
KMO,-0.5454,4.0,chr1
KNCN,-0.10545999999999998,3.0,chr1
KPNA2,-1.8190099999999998,8.0,chr17
KPNA6,0.08648,3.0,chr1
KPNB1,-1.7850700000000002,2.0,chr17
KPRP,0.22386,5.0,chr1
KRBA2,0.19193,3.0,chr17
KRT10,-0.93124,7.0,chr17
KRT12,-0.95705,7.0,chr17
KRT13,-0.10951,6.0,chr17
KRT14,-0.60211,6.0,chr17
KRT15,-0.49692,6.0,chr17
KRT16,-0.73128,6.0,chr17
KRT17,-0.022359999999999998,6.0,chr17
KRT19,-0.9843,6.0,chr17
KRT20,-0.5824199999999999,7.0,chr17
KRT222,-1.46146,7.0,chr17
KRT23,-0.9308,7.0,chr17
KRT24,-0.17048,7.0,chr17
KRT25,-0.51557,7.0,chr17
KRT26,-1.16493,7.0,chr17
KRT27,-0.62674,7.0,chr17
KRT28,-0.7851600000000001,7.0,chr17
KRT31,-1.36929,6.0,chr17
KRT32,-1.27302,6.0,chr17
KRT33A,-1.58453,11.0,chr17
KRT33B,-2.02452,11.0,chr17
KRT34,-1.24586,11.0,chr17
KRT35,-1.14494,6.0,chr17
KRT36,-0.65909,6.0,chr17
KRT37,-0.11778,6.0,chr17
KRT38,-0.73397,6.0,chr17
KRT39,-0.97946,7.0,chr17
KRT40,-0.34599,7.0,chr17
KRT9,-0.68472,6.0,chr17
KRTAP1-1,-0.8996700000000001,7.0,chr17
KRTAP1-3,-0.79904,7.0,chr17
KRTAP1-4,-0.69384,7.0,chr17
KRTAP1-5,-0.17991,7.0,chr17
KRTAP16-1,-1.4730299999999998,11.0,chr17
KRTAP17-1,-1.4615200000000002,11.0,chr17
KRTAP29-1,-1.59696,11.0,chr17
KRTAP3-1,-0.6245,7.0,chr17
KRTAP3-2,-0.5511199999999999,7.0,chr17
KRTAP3-3,0.40181999999999995,7.0,chr17
KRTAP4-12,-2.9365799999999997,12.0,chr17
KRTAP4-2,-3.16479,12.0,chr17
KRTAP4-4,-0.72322,12.0,chr17
KRTAP4-5,-2.2417599999999998,12.0,chr17
KRTAP4-6,-1.5687799999999998,12.0,chr17
KRTAP4-7,-1.52207,7.0,chr17
KRTAP4-8,-1.67625,7.0,chr17
KRTAP4-9,-0.61842,7.0,chr17
KRTAP9-1,-0.27815,12.0,chr17
KRTAP9-2,-3.4872099999999997,12.0,chr17
KRTAP9-3,-1.01369,12.0,chr17
KRTAP9-4,-2.91955,12.0,chr17
KRTAP9-6,-4.3751,3.669014084507042,chr17
KRTAP9-7,-1.3770200000000001,11.0,chr17
KRTAP9-8,-1.71033,12.0,chr17
KRTAP9-9,-1.94585,12.0,chr17
KRTCAP2,-0.25366,5.0,chr1
KSR1,-0.52689,5.0,chr17
KTI12,-1.03634,3.0,chr1
KYAT3,0.07812999999999999,4.0,chr1
L1TD1,0.22646,4.0,chr1
LAD1,-0.39576999999999996,5.0,chr1
LAMB3,0.26527,5.0,chr1
LAMC1,0.23503000000000002,5.0,chr1
LAMC2,0.48312,5.0,chr1
LAMTOR2,-0.9706299999999999,5.0,chr1
LAMTOR5,-0.38011999999999996,4.0,chr1
LAPTM5,-0.06031,3.0,chr1
LASP1,-0.44143999999999994,2.0,chr17
LAX1,-0.12818,5.0,chr1
LBR,-0.14634,5.0,chr1
LCE1A,-1.4248299999999998,5.0,chr1
LCE1B,-0.9127799999999999,5.0,chr1
LCE1C,-1.1651799999999999,5.0,chr1
LCE1E,-2.2452,5.0,chr1
LCE1F,-1.0380200000000002,5.0,chr1
LCE2A,-1.7082,5.0,chr1
LCE2B,-1.3673799999999998,5.0,chr1
LCE2C,-1.4082299999999999,5.0,chr1
LCE2D,-1.61761,5.0,chr1
LCE3A,-0.75026,5.0,chr1
LCE3B,-0.2493,5.0,chr1
LCE3C,-0.2724,5.0,chr1
LCE3D,-0.7761,5.0,chr1
LCE4A,-0.12584,5.0,chr1
LCE5A,-1.88002,5.0,chr1
LCE6A,-0.35662,5.0,chr1
LCK,0.02578,3.0,chr1
LDLRAD1,-0.04543,3.0,chr1
LDLRAD2,0.35328000000000004,3.0,chr1
LDLRAP1,0.08866,3.0,chr1
LEFTY1,0.02652,5.0,chr1
LEFTY2,-0.08665,5.0,chr1
LELP1,-0.71399,5.0,chr1
LEMD1,-0.41193,5.0,chr1
LENEP,-0.42771000000000003,5.0,chr1
LEPR,-1.1256899999999999,4.0,chr1
LEPROT,-0.30877,4.0,chr1
LGALS3BP,-0.8781200000000001,6.0,chr17
LGALS8,0.36924,4.0,chr1
LGALS9,-1.77347,5.0,chr17
LGALS9C,-0.43275,3.0,chr17
LGR6,-0.13523,5.0,chr1
LHX1,-0.0044,2.0,chr17
LHX4,-0.6339100000000001,5.0,chr1
LHX8,0.18556,4.0,chr1
LHX9,-0.09613,5.0,chr1
LIG3,-0.23767,2.0,chr17
LIMD2,-0.48148,5.0,chr17
LIN28A,-0.06694,3.0,chr1
LIN9,0.02623,5.0,chr1
LINGO4,0.11302000000000001,5.0,chr1
LIX1L,-0.39454,5.0,chr1
LLGL1,-0.01054,3.0,chr17
LLGL2,-0.93991,3.0,chr17
LMNA,0.00731,5.0,chr1
LMO4,-0.18429,4.0,chr1
LMOD1,-0.39828,5.0,chr1
LMX1A,-0.86156,5.0,chr1
LOR,-0.00199,5.0,chr1
LPAR3,-0.26684,4.0,chr1
LPGAT1,-0.52452,5.0,chr1
LPO,-0.12124000000000001,2.0,chr17
LRIF1,-0.33533,4.0,chr1
LRIG2,-0.22582,4.0,chr1
LRP8,-0.26811999999999997,3.0,chr1
LRRC37A3,0.06431,5.0,chr17
LRRC37B,-0.7078399999999999,2.0,chr17
LRRC38,0.15084,3.0,chr1
LRRC39,-0.32789,4.0,chr1
LRRC3C,-1.31598,14.0,chr17
LRRC40,-0.32525,4.0,chr1
LRRC41,0.055139999999999995,3.0,chr1
LRRC42,0.01817,3.0,chr1
LRRC45,-0.46889,3.0,chr17
LRRC46,-0.28197,2.0,chr17
LRRC47,0.32485,3.0,chr1
LRRC52,-0.20517,5.0,chr1
LRRC59,-0.65598,2.0,chr17
LRRC7,0.21556,4.0,chr1
LRRC71,-0.3584,5.0,chr1
LRRC75A,0.22719,3.0,chr17
LRRC8B,0.02868,4.0,chr1
LRRC8C,-0.17527,4.0,chr1
LRRC8D,0.22603,4.0,chr1
LRRIQ3,-0.8327200000000001,4.0,chr1
LRRN2,0.09584,5.0,chr1
LSM10,-0.42327,3.0,chr1
LSM12,-0.9384100000000001,2.0,chr17
LUC7L3,-2.23494,4.0,chr17
LURAP1,0.05538,3.0,chr1
LUZP1,0.11639000000000001,3.0,chr1
LY9,-0.50853,5.0,chr1
LYPLA2,0.12597,3.0,chr1
LYPLAL1,-0.04033,5.0,chr1
LYRM9,-0.9073,5.0,chr17
LYSMD1,-0.43876000000000004,5.0,chr1
LYST,-0.02247,4.0,chr1
LYZL6,-0.46273000000000003,2.0,chr17
LZIC,0.28834,3.0,chr1
MAB21L3,-0.08962,4.0,chr1
MACF1,-0.17625,3.0,chr1
MAD2L2,-0.79151,3.0,chr1
MAEL,0.18959,5.0,chr1
MAFG,-0.9666299999999999,3.0,chr17
MAGI3,0.30844,4.0,chr1
MAGOH,-1.79138,3.0,chr1
MAN1A2,-0.26766999999999996,4.0,chr1
MAN1C1,-0.08352000000000001,3.0,chr1
MANEAL,0.10086,3.0,chr1
MAP10,0.15001,4.0,chr1
MAP1LC3C,-0.03438,4.0,chr1
MAP2K3,0.31736,2.0,chr17
MAP2K4,0.3012,3.0,chr17
MAP2K6,-0.53463,5.0,chr17
MAP3K21,-0.16791,4.0,chr1
MAP3K3,-0.01267,5.0,chr17
MAP3K6,-0.037939999999999995,3.0,chr1
MAP7D1,-0.2215,3.0,chr1
MAPK7,0.12772999999999998,3.0,chr17
MAPKAPK2,-0.20144,5.0,chr1
MAPT,-0.07338,2.0,chr17
MARC1,-0.01896,5.0,chr1
MARC2,0.19238,5.0,chr1
MARCH10,-0.76708,5.0,chr17
MARCKSL1,-0.14818,3.0,chr1
MARK1,0.22398,5.0,chr1
MASP2,0.0515,3.0,chr1
MAST2,-0.11642999999999999,3.0,chr1
MATN1,-0.20665999999999998,3.0,chr1
MBTD1,-1.00081,4.0,chr17
MCL1,-2.6367700000000003,5.0,chr1
MCOLN2,-0.33808,4.0,chr1
MCOLN3,-0.62733,4.0,chr1
MCRIP1,-0.45561,3.0,chr17
MDM4,0.17958,5.0,chr1
MEAF6,-0.12255,3.0,chr1
MECR,-0.18725,3.0,chr1
MED1,-2.65883,14.0,chr17
MED11,-1.34127,3.0,chr17
MED13,-0.23529,2.0,chr17
MED18,-1.47314,3.0,chr1
MED24,-1.50725,11.0,chr17
MED31,-2.93392,3.0,chr17
MED8,-0.61915,3.0,chr1
MED9,-1.4127399999999999,3.0,chr17
MEF2D,-0.13543,5.0,chr1
MEGF6,0.27505,3.0,chr1
MEOX1,-0.16055,2.0,chr17
METRNL,-0.02279,3.0,chr17
METTL11B,0.02399,5.0,chr1
METTL13,-0.19997,5.0,chr1
METTL16,-1.59076,3.0,chr17
METTL18,-0.13439,5.0,chr1
METTL23,-0.9244600000000001,3.0,chr17
MEX3A,-0.40801,5.0,chr1
MFAP2,0.01738,3.0,chr1
MFAP4,0.12896,3.0,chr17
MFN2,-1.8414099999999998,3.0,chr1
MFSD11,-0.65789,3.0,chr17
MFSD14A,-0.4822,4.0,chr1
MFSD2A,-0.00392,3.0,chr1
MFSD4A,-0.35268,5.0,chr1
MFSD6L,0.29529,3.0,chr17
MGAT5B,-0.7646,4.0,chr17
MGST3,0.09652000000000001,5.0,chr1
MIA3,-0.12705999999999998,5.0,chr1
MIB2,0.03266,3.0,chr1
MIEF2,0.13515,3.0,chr17
MIEN1,-2.54391,14.0,chr17
MIER1,-0.40457,4.0,chr1
MIF4GD,-1.35519,3.0,chr17
MIGA1,0.11252000000000001,4.0,chr1
MIIP,-0.60227,3.0,chr1
MINDY1,-0.15950999999999999,5.0,chr1
MINK1,0.38144,3.0,chr17
MINOS1,-1.5641,3.0,chr1
MIS12,-2.16888,3.0,chr17
MIXL1,-0.60526,5.0,chr1
MKNK1,-0.13299,3.0,chr1
MKS1,-0.76723,2.0,chr17
MLLT11,-0.15999000000000002,5.0,chr1
MLLT6,-0.06473999999999999,2.0,chr17
MLX,-1.32564,2.0,chr17
MMACHC,-0.44975,3.0,chr1
MMD,0.26282,2.0,chr17
MMEL1,-0.12342,3.0,chr1
MMP23B,-0.10123,3.0,chr1
MMP28,-0.72997,2.0,chr17
MNDA,-0.47342,5.0,chr1
MNT,-0.6441399999999999,3.0,chr17
MOB3C,0.15613,3.0,chr1
MORN1,-0.09619,3.0,chr1
MOV10,-0.39976,4.0,chr1
MPC2,-0.16894,5.0,chr1
MPDU1,-0.09852999999999999,3.0,chr17
MPL,0.1006,3.0,chr1
MPO,-0.10286,2.0,chr17
MPP2,-0.75859,2.0,chr17
MPP3,-0.17669,2.0,chr17
MPRIP,0.08553999999999999,3.0,chr17
MPZ,0.0485,5.0,chr1
MPZL1,-0.27399999999999997,5.0,chr1
MR1,-0.008790000000000001,5.0,chr1
MRC2,-0.8874700000000001,5.0,chr17
MRM1,-0.24616999999999997,2.0,chr17
MRM3,-0.64012,3.0,chr17
MROH7,-0.021169999999999998,3.0,chr1
MROH9,-0.21913000000000002,5.0,chr1
MRPL10,-0.8546799999999999,2.0,chr17
MRPL12,-0.39434,3.0,chr17
MRPL20,0.13993,3.0,chr1
MRPL24,-0.82211,5.0,chr1
MRPL27,-0.8864700000000001,2.0,chr17
MRPL37,-1.10032,3.0,chr1
MRPL38,-1.51468,3.0,chr17
MRPL45,-1.7217200000000001,2.0,chr17
MRPL55,-0.75692,5.0,chr1
MRPL58,-0.71163,3.0,chr17
MRPL9,-0.49018,5.0,chr1
MRPS14,-1.03421,5.0,chr1
MRPS15,-0.15229,3.0,chr1
MRPS21,-0.98769,5.0,chr1
MRPS23,-0.61779,2.0,chr17
MRPS7,-0.83562,3.0,chr17
MRTO4,-0.9073,3.0,chr1
MSH4,-0.20489000000000002,4.0,chr1
MSI2,-0.14435,2.0,chr17
MSL1,-1.9067900000000002,11.0,chr17
MSTO1,-0.32689,5.0,chr1
MT1HL1,0.45503000000000005,4.0,chr1
MTF1,-0.39895,3.0,chr1
MTF2,0.00795,4.0,chr1
MTFR1L,0.24308000000000002,3.0,chr1
MTHFR,-0.048389999999999996,3.0,chr1
MTMR11,-0.18495999999999999,5.0,chr1
MTMR4,-0.8614700000000001,2.0,chr17
MTOR,-1.49817,3.0,chr1
MTR,-1.0012,4.0,chr1
MTX1,-0.10347999999999999,5.0,chr1
MUC1,-0.9114700000000001,5.0,chr1
MUL1,-1.44256,3.0,chr1
MUTYH,-0.33447,3.0,chr1
MXRA7,-0.50475,3.0,chr17
MXRA8,0.29289,3.0,chr1
MYADML2,-0.15394000000000002,3.0,chr17
MYBBP1A,-0.8814700000000001,3.0,chr17
MYBPH,-0.07416,5.0,chr1
MYBPHL,-0.48739,4.0,chr1
MYCBP,0.00685,3.0,chr1
MYCBPAP,-0.07786,2.0,chr17
MYCL,0.18342999999999998,3.0,chr1
MYH1,0.09207,3.0,chr17
MYH10,0.12825,3.0,chr17
MYH13,-0.12290999999999999,3.0,chr17
MYH2,-0.27061999999999997,3.0,chr17
MYH3,0.10099999999999999,3.0,chr17
MYH4,-0.52767,3.0,chr17
MYH8,0.16392,3.0,chr17
MYL4,0.03345,2.0,chr17
MYO15A,-0.06398999999999999,3.0,chr17
MYO18A,-1.1322,6.0,chr17
MYO19,-0.46121,2.0,chr17
MYO1C,-0.12566,3.0,chr17
MYO1D,0.14018,2.0,chr17
MYOC,-0.13248,5.0,chr1
MYOCD,0.45011,3.0,chr17
MYOG,-0.14140999999999998,5.0,chr1
MYOM3,-0.008,3.0,chr1
MYSM1,-0.30663,4.0,chr1
NAA38,-1.278,3.0,chr17
NACA2,-0.37085999999999997,2.0,chr17
NADK,-0.6483399999999999,3.0,chr1
NAGLU,0.34825,2.0,chr17
NAGS,-0.532,2.0,chr17
NARF,-0.71841,3.0,chr17
NASP,-0.89587,3.0,chr1
NAT9,-0.29414,3.0,chr17
NAV1,-0.12167,5.0,chr1
NAXE,-0.13249,5.0,chr1
NBL1,0.12172000000000001,3.0,chr1
NBPF3,-0.19604000000000002,3.0,chr1
NBPF4,-0.26961999999999997,4.0,chr1
NBPF6,-0.19837,4.0,chr1
NBR1,0.08609,2.0,chr17
NCDN,-0.11147,3.0,chr1
NCF2,-0.03889,5.0,chr1
NCMAP,-0.2784,3.0,chr1
NCOR1,-0.37594,3.0,chr17
NCSTN,0.24226,5.0,chr1
NDC1,-0.9011899999999999,3.0,chr1
NDEL1,-1.39372,3.0,chr17
NDUFS2,-0.27956,5.0,chr1
NDUFS5,-1.58185,3.0,chr1
NECAP2,0.13974,3.0,chr1
NECTIN4,-0.16119,5.0,chr1
NEGR1,0.25142,4.0,chr1
NEK2,0.26409,5.0,chr1
NEK7,0.17004,5.0,chr1
NEK8,-0.11304000000000002,6.0,chr17
NENF,0.23994000000000001,5.0,chr1
NES,-0.24803000000000003,5.0,chr1
NEURL4,-0.13402,3.0,chr17
NEUROD2,-2.79449,14.0,chr17
NEXN,-0.61757,4.0,chr1
NF1,-0.61752,2.0,chr17
NFASC,0.26735,5.0,chr1
NFE2L1,-0.5342399999999999,2.0,chr17
NFIA,-1.08104,4.0,chr1
NFYC,-1.95432,3.0,chr1
NGF,-0.16877,4.0,chr1
NGFR,-0.4287,2.0,chr17
NHLH1,0.20189000000000001,5.0,chr1
NHLH2,-0.059129999999999995,4.0,chr1
NID1,-0.16939,4.0,chr1
NIPAL3,-0.17079,3.0,chr1
NIT1,0.19518,5.0,chr1
NKAIN1,-0.02449,3.0,chr1
NKIRAS2,-0.55408,6.0,chr17
NLE1,-1.7884,2.0,chr17
NLGN2,0.17537,3.0,chr17
NLK,-0.13275,5.0,chr17
NLRP1,0.30921,3.0,chr17
NLRP3,0.1845,4.0,chr1
NME1,-0.48513,4.0,chr17
NME1-NME2,-0.24570999999999998,4.0,chr17
NME2,-0.73785,4.0,chr17
NME7,-0.89159,5.0,chr1
NMNAT1,-0.05425,3.0,chr1
NMNAT2,-0.1304,5.0,chr1
NMT1,-1.7844,2.0,chr17
NOC2L,-0.85969,3.0,chr1
NOG,-0.11560999999999999,2.0,chr17
NOL11,-1.34646,6.0,chr17
NOL9,-1.15839,3.0,chr1
NOS1AP,-0.5304399999999999,5.0,chr1
NOS2,-0.76065,5.0,chr17
NOTCH2,-0.1273,4.0,chr1
NOTCH2NL,-1.9305,4.0,chr1
NOTUM,-0.40514,3.0,chr17
NPB,-0.46415,3.0,chr17
NPEPPS,-0.38684,2.0,chr17
NPHP4,-0.16521,3.0,chr1
NPHS2,-0.28993,5.0,chr1
NPL,-0.2883,5.0,chr1
NPLOC4,-2.26133,3.0,chr17
NPPA,0.43378,3.0,chr1
NPPB,0.25922,3.0,chr1
NPR1,-0.0319,6.0,chr1
NPTX1,-0.32379,4.0,chr17
NR0B2,0.07393,3.0,chr1
NR1D1,-1.23149,11.0,chr17
NR1I3,0.03283,5.0,chr1
NR5A2,-0.35567,5.0,chr1
NRAS,-1.05627,4.0,chr1
NRDC,0.35884,3.0,chr1
NSF,-3.70804,2.0,chr17
NSL1,-1.90378,5.0,chr1
NSRP1,-0.9878100000000001,6.0,chr17
NSUN4,-0.40986999999999996,3.0,chr1
NT5C,-0.40152,3.0,chr17
NT5C1A,0.0032,3.0,chr1
NT5C3B,-1.82886,6.0,chr17
NT5M,0.14069,3.0,chr17
NTN1,0.16237000000000001,3.0,chr17
NTNG1,0.03803,4.0,chr1
NTPCR,0.56852,4.0,chr1
NTRK1,0.04105,5.0,chr1
NUAK2,-0.26635,5.0,chr1
NUCKS1,-0.33224000000000004,5.0,chr1
NUDC,-1.30288,3.0,chr1
NUDT17,-0.26755999999999996,5.0,chr1
NUF2,-3.53649,5.0,chr1
NUFIP2,-1.8327799999999999,6.0,chr17
NUP133,-1.3763,4.0,chr1
NUP210L,-0.15258,6.0,chr1
NUP85,-2.18737,3.0,chr17
NUP88,-3.4984699999999997,3.0,chr17
NVL,-0.97809,5.0,chr1
NXN,-0.048369999999999996,3.0,chr17
NXPH3,-0.01891,2.0,chr17
OAZ3,0.11709000000000001,5.0,chr1
OBSCN,0.21622,5.0,chr1
ODF2L,-0.01671,4.0,chr1
ODF4,-0.00281,3.0,chr17
OGFOD3,-0.43371000000000004,3.0,chr17
OLFM3,-0.06305,4.0,chr1
OLFML2B,0.00295,5.0,chr1
OLFML3,-0.43113999999999997,4.0,chr1
OMA1,-0.23259000000000002,4.0,chr1
OMG,0.44952,2.0,chr17
OPN3,0.11017,4.0,chr1
OPRD1,0.37918,3.0,chr1
OPTC,-0.11015,5.0,chr1
ORC1,-0.96352,3.0,chr1
ORMDL3,-1.4425299999999999,14.0,chr17
OSBPL7,0.013080000000000001,2.0,chr17
OSBPL9,-0.23016,3.0,chr1
OSCP1,-0.20899,3.0,chr1
OTOP2,-0.18225,3.0,chr17
OTOP3,-0.19271,3.0,chr17
OTUD3,-0.01289,3.0,chr1
OTUD7B,0.08191,5.0,chr1
OVCA2,0.08015,3.0,chr17
OVGP1,-0.22693000000000002,4.0,chr1
OXCT2,0.12201,3.0,chr1
OXLD1,-0.07967,3.0,chr17
P2RX1,0.01255,3.0,chr17
P2RX5,0.11637,3.0,chr17
P3H1,0.14787999999999998,3.0,chr1
P3H4,-0.7270800000000001,6.0,chr17
P4HB,-0.28804,3.0,chr17
PABPC4,-0.1665,3.0,chr1
PADI1,-0.1611,3.0,chr1
PADI2,-0.19944,3.0,chr1
PADI3,-0.30919,3.0,chr1
PADI4,0.19112,3.0,chr1
PAFAH1B1,-2.09036,3.0,chr17
PAFAH2,-0.26158000000000003,3.0,chr1
PALMD,0.16297,4.0,chr1
PANK4,0.15914,3.0,chr1
PAPPA2,0.1283,5.0,chr1
PAQR6,-0.8261,5.0,chr1
PAQR7,0.05145,3.0,chr1
PARK7,-0.69524,3.0,chr1
PARP1,-0.36349000000000004,5.0,chr1
PARS2,-0.46513000000000004,3.0,chr1
PATJ,0.19939,4.0,chr1
PAX7,0.09856000000000001,3.0,chr1
PBX1,0.25978,5.0,chr1
PBXIP1,-0.28685,5.0,chr1
PCGF2,0.05068,2.0,chr17
PCNX2,-0.27134,4.0,chr1
PCP4L1,0.0083,5.0,chr1
PCSK9,-0.2221,3.0,chr1
PCTP,0.02878,2.0,chr17
PCYT2,-0.65817,3.0,chr17
PDC,-1.09754,5.0,chr1
PDE4B,-0.1126,4.0,chr1
PDE4DIP,-1.00136,4.0,chr1
PDE6G,-0.43549,3.0,chr17
PDIK1L,0.21191,3.0,chr1
PDK2,-0.10269,2.0,chr17
PDPN,0.15622,3.0,chr1
PDZK1,-0.34065,5.0,chr1
PDZK1IP1,0.07619,3.0,chr1
PEA15,-0.25866,5.0,chr1
PEAR1,0.05314,5.0,chr1
PEF1,-0.54085,3.0,chr1
PELP1,-0.88464,3.0,chr17
PEMT,0.04761,3.0,chr17
PER1,0.05878,3.0,chr17
PER3,-0.25331,3.0,chr1
PEX10,-0.12658,3.0,chr1
PEX11B,-0.34593,5.0,chr1
PEX12,-0.12896,2.0,chr17
PEX14,-0.05264,3.0,chr1
PEX19,-1.0286,5.0,chr1
PFAS,-0.70738,3.0,chr17
PFDN2,-1.99659,5.0,chr1
PFKFB2,-0.06577999999999999,5.0,chr1
PFN1,-1.23481,3.0,chr17
PGAP3,-1.8617400000000002,14.0,chr17
PGBD2,-0.11534000000000001,4.0,chr1
PGD,-2.89229,3.0,chr1
PGLYRP3,-0.5019899999999999,5.0,chr1
PGLYRP4,-0.51593,5.0,chr1
PGM1,0.33323,4.0,chr1
PGS1,-0.83219,3.0,chr17
PHACTR4,-0.07496,3.0,chr1
PHB,-3.77155,2.0,chr17
PHC2,-0.25694,3.0,chr1
PHF12,-0.9707399999999999,6.0,chr17
PHF13,0.01035,3.0,chr1
PHF23,-0.16094,3.0,chr17
PHGDH,-0.34310999999999997,4.0,chr1
PHLDA3,-0.16519,5.0,chr1
PHOSPHO1,-0.18257,2.0,chr17
PHTF1,-0.9595,4.0,chr1
PI4KB,-0.4945,5.0,chr1
PIAS3,-0.8890899999999999,5.0,chr1
PIFO,-1.35988,4.0,chr1
PIGC,-1.1856200000000001,5.0,chr1
PIGK,0.16167,4.0,chr1
PIGL,-0.61468,3.0,chr17
PIGM,-0.8644799999999999,5.0,chr1
PIGR,-0.05599,5.0,chr1
PIGS,-0.75431,6.0,chr17
PIGV,-0.21513000000000002,3.0,chr1
PIGW,-0.3747,2.0,chr17
PIK3C2B,0.14715,5.0,chr1
PIK3CD,-0.41253999999999996,3.0,chr1
PIK3R3,0.36848000000000003,3.0,chr1
PIK3R5,-0.1005,3.0,chr17
PIMREG,-0.12761,3.0,chr17
PINK1,0.26163000000000003,3.0,chr1
PIP4K2B,0.03791,2.0,chr17
PIP5K1A,-1.32636,5.0,chr1
PIPOX,-0.40268000000000004,6.0,chr17
PIRT,0.32071,3.0,chr17
PITHD1,0.2494,3.0,chr1
PITPNA,-0.07003,3.0,chr17
PITPNC1,-0.6671199999999999,6.0,chr17
PITPNM3,0.10839000000000001,3.0,chr17
PKLR,-0.24669000000000002,5.0,chr1
PKN2,-0.8709600000000001,4.0,chr1
PKP1,0.08077999999999999,5.0,chr1
PLA2G2A,0.22516999999999998,3.0,chr1
PLA2G2D,0.23978000000000002,3.0,chr1
PLA2G2E,-0.026869999999999998,3.0,chr1
PLA2G2F,0.1565,3.0,chr1
PLA2G4A,-0.26857,5.0,chr1
PLA2G5,0.04774,3.0,chr1
PLCH2,0.1814,3.0,chr1
PLD2,0.23553000000000002,3.0,chr17
PLD5,-0.09805,4.0,chr1
PLD6,0.13077,3.0,chr17
PLEKHA6,-0.04566,5.0,chr1
PLEKHG5,0.05284,3.0,chr1
PLEKHH3,0.45757,2.0,chr17
PLEKHM1,-1.2166700000000001,2.0,chr17
PLEKHM2,-0.1898,3.0,chr1
PLEKHN1,0.09473999999999999,3.0,chr1
PLEKHO1,-0.01605,5.0,chr1
PLK3,-0.19195,3.0,chr1
PLOD1,0.06531,3.0,chr1
PLPP3,0.08935,4.0,chr1
PLPPR4,-0.08329,4.0,chr1
PLPPR5,-0.4275,4.0,chr1
PLSCR3,0.26216999999999996,3.0,chr17
PLXDC1,-0.7326199999999999,6.346783804951135,chr17
PLXNA2,-0.13015,5.0,chr1
PM20D1,-0.35128000000000004,5.0,chr1
PMF1,-2.09786,5.0,chr1
PMF1-BGLAP,-1.52834,5.0,chr1
PMP22,0.04713,3.0,chr17
PMVK,-0.46584,5.0,chr1
PNMT,-2.029,14.0,chr17
PNPO,-0.02366,2.0,chr17
PNRC2,-0.146,3.0,chr1
PODN,0.00922,3.0,chr1
POGK,-0.19254000000000002,5.0,chr1
POGZ,-0.29535,5.0,chr1
POLG2,-0.58482,5.0,chr17
POLR2A,-3.24417,3.0,chr17
POLR3C,-1.9806400000000002,5.0,chr1
POLR3GL,0.01073,5.0,chr1
POMGNT1,-0.43201999999999996,3.0,chr1
POU2F1,-0.47276999999999997,5.0,chr1
POU3F1,0.00695,3.0,chr1
PPCS,-0.414,3.0,chr1
PPFIA4,-0.6339899999999999,5.0,chr1
PPIAL4G,-0.81813,4.0,chr1
PPIE,-0.8464,3.0,chr1
PPIH,-0.46385,3.0,chr1
PPM1D,0.023790000000000002,2.0,chr17
PPM1E,-0.3554,2.0,chr17
PPM1J,-0.15537,4.0,chr1
PPOX,-0.15184,5.0,chr1
PPP1R12B,0.03217,5.0,chr1
PPP1R15B,-1.5419200000000002,5.0,chr1
PPP1R1B,-2.27621,14.0,chr17
PPP1R27,-0.15129,3.0,chr17
PPP1R8,-1.7898,3.0,chr1
PPP2R5A,0.18849000000000002,5.0,chr1
PPT1,0.37143000000000004,3.0,chr1
PPY,-0.46019,2.0,chr17
PQLC2,-0.04095,3.0,chr1
PRAC1,-0.49961000000000005,2.0,chr17
PRAMEF1,-0.33881999999999995,3.0,chr1
PRAMEF10,-0.05296,3.0,chr1
PRAMEF11,-0.70955,3.0,chr1
PRAMEF12,0.1042,3.0,chr1
PRAMEF13,0.37534,3.0,chr1
PRAMEF18,-0.18122,3.0,chr1
PRAMEF2,0.22883,3.0,chr1
PRAMEF22,-0.16249,3.0,chr1
PRAMEF4,-0.33785,3.0,chr1
PRAMEF5,-1.0386,3.0,chr1
PRAMEF6,-0.45535,3.0,chr1
PRAMEF7,-0.43573,3.0,chr1
PRAMEF8,-0.20938,3.0,chr1
PRCC,-0.9290200000000001,5.0,chr1
PRCD,0.01633,3.0,chr17
PRDM16,0.19268,3.0,chr1
PRDM2,-0.0057799999999999995,3.0,chr1
PRDX1,-0.2644,3.0,chr1
PRDX6,0.109,5.0,chr1
PRELP,-0.00314,5.0,chr1
PRG4,-0.31732,5.0,chr1
PRKAA2,-0.5726,4.0,chr1
PRKAB2,-0.35828000000000004,5.0,chr1
PRKACB,0.32757,4.0,chr1
PRKAR1A,-0.64117,6.0,chr17
PRKCA,-0.76626,5.0,chr17
PRKCZ,-0.36926,3.0,chr1
PRMT6,-0.46197,4.0,chr1
PROCA1,-0.80917,6.0,chr17
PROK1,-0.15403,4.0,chr1
PROX1,-0.14943,5.0,chr1
PRPF3,-1.59269,5.0,chr1
PRPF38A,-5.6737,3.0,chr1
PRPF38B,-1.8237900000000002,4.0,chr1
PRPF8,-2.16986,3.0,chr17
PRPSAP1,-0.040639999999999996,3.0,chr17
PRPSAP2,0.28665,3.0,chr17
PRR11,-0.14276,2.0,chr17
PRR15L,-0.07303,2.0,chr17
PRR9,-0.03393,5.0,chr1
PRRC2C,-0.09447,5.0,chr1
PRRX1,0.12262999999999999,5.0,chr1
PRSS38,-0.30983,5.0,chr1
PRUNE1,-0.7670399999999999,5.0,chr1
PSEN2,-0.53375,5.0,chr1
PSMA5,-3.91515,4.0,chr1
PSMB2,-3.39331,3.0,chr1
PSMB3,-3.61846,2.0,chr17
PSMB4,-2.85627,5.0,chr1
PSMB6,-2.93795,3.0,chr17
PSMC3IP,-0.56065,2.0,chr17
PSMC5,-3.65626,5.0,chr17
PSMD11,-4.25049,2.0,chr17
PSMD12,-3.53841,5.403571171947976,chr17
PSMD3,-2.37338,11.0,chr17
PSMD4,-1.7618900000000002,5.0,chr1
PSME3,-0.18738,2.0,chr17
PSRC1,-0.10035,4.0,chr1
PTAFR,-0.03622,3.0,chr1
PTBP2,-0.24095,4.0,chr1
PTCH2,-0.01402,3.0,chr1
PTGER3,-0.17295,4.0,chr1
PTGES3L,-0.25103000000000003,2.0,chr17
PTGES3L-AARSD1,-0.19044,2.0,chr17
PTGFR,-0.10973,4.0,chr1
PTGFRN,0.18045,4.0,chr1
PTGS2,-0.07157000000000001,5.0,chr1
PTP4A2,-0.2808,3.0,chr1
PTPN14,-0.01592,5.0,chr1
PTPN22,-0.88141,4.0,chr1
PTPN7,-0.23325,5.0,chr1
PTPRC,-0.38941,5.0,chr1
PTPRF,0.15115,3.0,chr1
PTPRU,0.05756,3.0,chr1
PTRH2,-0.07128999999999999,2.0,chr17
PUM1,-0.8024600000000001,3.0,chr1
PUSL1,0.15183,3.0,chr1
PYCR1,-0.0848,3.0,chr17
PYCR2,-0.19255999999999998,5.0,chr1
PYGO2,-0.22318000000000002,5.0,chr1
PYHIN1,-0.6016100000000001,5.0,chr1
PYY,-0.42518999999999996,2.0,chr17
QRICH2,-0.48558,3.0,chr17
QSOX1,-0.48888000000000004,5.0,chr1
RAB11FIP4,-0.50951,2.0,chr17
RAB13,-1.28852,6.0,chr1
RAB25,-0.27148,5.0,chr1
RAB29,0.10265,5.0,chr1
RAB34,-0.88751,6.0,chr17
RAB37,-0.4808,3.0,chr17
RAB3B,-0.42117,3.0,chr1
RAB3GAP2,-0.09158999999999999,5.0,chr1
RAB40B,-0.50638,3.0,chr17
RAB42,-0.20332,3.0,chr1
RAB4A,0.044610000000000004,4.0,chr1
RAB5C,-1.3666399999999999,6.0,chr17
RABEP1,-0.29581999999999997,3.0,chr17
RABGAP1L,-0.5236,5.0,chr1
RABGGTB,-0.49295,4.0,chr1
RABIF,-0.36595,5.0,chr1
RAC3,-0.69048,3.0,chr17
RAD51C,-0.51682,2.0,chr17
RAD51D,-0.6370100000000001,2.0,chr17
RAD54L,-0.48063999999999996,3.0,chr1
RAI1,-0.10362,3.0,chr17
RALGPS2,0.28751,5.0,chr1
RAMP2,-0.9829,2.0,chr17
RANGRF,0.0044,3.0,chr17
RAP1A,-0.47588,4.0,chr1
RAP1GAP,0.00082,3.0,chr1
RAP1GAP2,0.12875999999999999,3.0,chr17
RAPGEFL1,-1.6801400000000002,11.0,chr17
RARA,-1.8633400000000002,7.64854851462781,chr17
RASAL2,0.07596,5.0,chr1
RASD1,0.25003000000000003,3.0,chr17
RASL10B,-0.22853,2.0,chr17
RASSF5,0.10424000000000001,5.0,chr1
RAVER2,-0.12855999999999998,4.0,chr1
RBBP4,-2.7214,3.0,chr1
RBBP5,-1.53987,5.0,chr1
RBFOX3,-0.44254,6.0,chr17
RBM15,-0.39975,4.0,chr1
RBM34,-0.03075,4.0,chr1
RBM8A,-1.7129400000000001,5.0,chr1
RBMXL1,-0.69648,4.0,chr1
RBP7,-0.16147999999999998,3.0,chr1
RC3H1,-0.04854,5.0,chr1
RCAN3,-0.052129999999999996,3.0,chr1
RCC1,-1.7986099999999998,3.0,chr1
RCC2,-0.12888,3.0,chr1
RCOR3,0.14179,5.0,chr1
RCSD1,-0.27268000000000003,5.0,chr1
RCVRN,-0.30441,3.0,chr17
RD3,0.00673,5.0,chr1
RDM1,-0.49318999999999996,2.0,chr17
RECQL5,-0.2773,3.0,chr17
REG4,-0.0278,4.0,chr1
REN,-0.2543,5.0,chr1
RER1,-0.79678,3.0,chr1
RERE,-0.36904000000000003,3.0,chr1
RETREG3,-0.55958,2.0,chr17
RFFL,0.15400999999999998,2.0,chr17
RFNG,-0.36022,3.0,chr17
RFWD2,-0.19938,5.0,chr1
RFX5,-0.21528000000000003,5.0,chr1
RGL1,-0.34717,5.0,chr1
RGS1,-0.5904,5.0,chr1
RGS13,-2.19092,5.0,chr1
RGS16,-0.11849000000000001,5.0,chr1
RGS18,-0.05047,5.0,chr1
RGS2,-0.33902,5.0,chr1
RGS21,0.052379999999999996,5.0,chr1
RGS4,-0.54235,5.0,chr1
RGS5,-0.16384,5.0,chr1
RGS7,0.36804000000000003,4.0,chr1
RGS8,0.281,5.0,chr1
RGS9,-0.80884,5.0,chr17
RGSL1,-0.15577,5.0,chr1
RHBDF2,-0.23535,3.0,chr17
RHBDL2,0.3505,3.0,chr1
RHBDL3,-0.24244000000000002,2.0,chr17
RHCE,-0.34276,3.0,chr1
RHD,-0.47796000000000005,3.0,chr1
RHOC,-0.9033100000000001,4.0,chr1
RHOT1,-0.51169,2.0,chr17
RHOU,-0.10630999999999999,5.0,chr1
RIIAD1,-0.1289,5.0,chr1
RILP,-0.30949,3.0,chr17
RIMKLA,0.12562,3.0,chr1
RIMS3,0.10960999999999999,3.0,chr1
RIT1,-0.79504,5.0,chr1
RLF,0.04732,3.0,chr1
RNASEK,-0.5562199999999999,3.0,chr17
RNASEL,0.01961,5.0,chr1
RND2,-0.36887,2.0,chr17
RNF11,-0.6929,3.0,chr1
RNF112,0.01008,3.0,chr17
RNF115,-0.12347000000000001,5.0,chr1
RNF135,-0.24875999999999998,2.0,chr17
RNF157,-0.2163,3.0,chr17
RNF167,0.43212,3.0,chr17
RNF186,0.0981,3.0,chr1
RNF19B,0.22233000000000003,3.0,chr1
RNF2,-0.92105,5.0,chr1
RNF207,-0.5732,3.0,chr1
RNF213,-0.34073000000000003,4.0,chr17
RNF220,0.05,3.0,chr1
RNF222,0.27375,3.0,chr17
RNF223,-0.01378,3.0,chr1
RNF43,-0.17768,2.0,chr17
RNFT1,-0.53686,2.0,chr17
RNPC3,-0.8224299999999999,4.0,chr1
RNPEP,-0.139,5.0,chr1
ROR1,-0.26924000000000003,4.0,chr1
RORC,0.00945,5.0,chr1
RPA1,-2.76693,3.0,chr17
RPA2,-3.17481,3.0,chr1
RPAIN,-0.60673,3.0,chr17
RPAP2,-2.8303599999999998,4.0,chr1
RPE65,-0.02069,4.0,chr1
RPF1,-0.49485,4.0,chr1
RPH3AL,0.15395,3.0,chr17
RPL11,-3.07376,3.0,chr1
RPL19,-3.08588,14.0,chr17
RPL22,-1.81096,3.0,chr1
RPL23,-3.4150400000000003,2.0,chr17
RPL23A,-1.15934,6.0,chr17
RPL26,-5.04605,3.0,chr17
RPL27,-2.25977,2.0,chr17
RPL38,-3.02926,3.0,chr17
RPL5,-4.778230000000001,4.0,chr1
RPRD2,-0.09342,5.0,chr1
RPRML,-0.27636,2.0,chr17
RPS6KA1,-0.19885,3.0,chr1
RPS6KB1,-0.9531299999999999,2.0,chr17
RPS6KC1,0.1225,5.0,chr1
RPS8,-3.49704,3.0,chr1
RPTN,-0.26725,5.0,chr1
RPTOR,-2.09702,3.6534210720254467,chr17
RRAGC,-0.6572,3.0,chr1
RRNAD1,-0.19525,5.0,chr1
RRP15,-0.6875600000000001,5.0,chr1
RSAD1,-0.39416999999999996,2.0,chr17
RSBN1,0.13372,4.0,chr1
RSC1A1,-0.03537,3.0,chr1
RSG1,-0.41295,3.0,chr1
RSPO1,0.0793,3.0,chr1
RTCA,0.2826,4.0,chr1
RTN4RL1,0.25501999999999997,3.0,chr17
RUNDC1,0.00367,2.0,chr17
RUNDC3A,-0.2826,2.0,chr17
RUNX3,-0.3028,3.0,chr1
RUSC1,-0.049089999999999995,5.0,chr1
RWDD3,-0.11438,4.0,chr1
RXFP4,-0.20961,5.0,chr1
RXRG,0.18591,5.0,chr1
RYR2,0.033389999999999996,4.0,chr1
S100A1,-0.11005999999999999,5.0,chr1
S100A10,-0.33073,5.0,chr1
S100A11,0.19562000000000002,5.0,chr1
S100A12,-0.20631,5.0,chr1
S100A13,0.00182,5.0,chr1
S100A14,-0.43655,5.0,chr1
S100A16,-0.17022,5.0,chr1
S100A2,0.2578,5.0,chr1
S100A3,0.13482,5.0,chr1
S100A4,0.26938,5.0,chr1
S100A5,-0.45048,5.0,chr1
S100A6,0.24411,5.0,chr1
S100A7,-0.79281,5.0,chr1
S100A7A,-0.45383999999999997,5.0,chr1
S100A8,-0.03967,5.0,chr1
S100A9,-0.22580999999999998,5.0,chr1
S100PBP,-0.06468,3.0,chr1
S1PR1,0.41281999999999996,4.0,chr1
SAMD11,0.0299,3.0,chr1
SAMD13,0.16667,4.0,chr1
SAMD14,-0.29491,2.0,chr17
SAP30BP,-2.45845,3.0,chr17
SARS,-4.56261,4.0,chr1
SASS6,-1.7747700000000002,4.0,chr1
SAT2,-0.023880000000000002,3.0,chr17
SCAMP3,-0.21786999999999998,5.0,chr1
SCARF1,-0.39205,3.0,chr17
SCCPDH,-0.03456,4.0,chr1
SCIMP,-0.26116999999999996,3.0,chr17
SCMH1,-0.33562,3.0,chr1
SCN4A,-0.23642,5.0,chr17
SCNM1,-0.38898,5.0,chr1
SCNN1D,0.11012999999999999,3.0,chr1
SCO1,-0.29134,3.0,chr17
SCP2,-0.18728,3.0,chr1
SCPEP1,-0.32078,2.0,chr17
SCRN2,-0.21227,2.0,chr17
SCYL3,-0.7357,5.0,chr1
SDC3,0.06841,3.0,chr1
SDCCAG8,-0.54582,4.0,chr1
SDE2,-3.17777,5.0,chr1
SDF2,-0.95968,6.0,chr17
SDF4,0.19485999999999998,3.0,chr1
SDHB,-1.42002,3.0,chr1
SDHC,-1.28949,5.0,chr1
SDK2,-0.11710999999999999,3.0,chr17
SEBOX,-1.40612,7.0,chr17
SEC14L1,-0.9384100000000001,3.0,chr17
SEC16B,-0.06509,5.0,chr1
SECTM1,-0.50798,3.0,chr17
SELE,0.08605,5.0,chr1
SELENBP1,-0.14801,5.0,chr1
SELENON,0.19157000000000002,3.0,chr1
SELL,-0.25178,5.0,chr1
SELP,-0.27998,5.0,chr1
SEMA4A,-0.11549000000000001,5.0,chr1
SEMA6C,-0.08453,5.0,chr1
SEPT4,-0.67119,2.0,chr17
SEPT9,-1.13768,3.0,chr17
SERBP1,-0.18553,4.0,chr1
SERINC2,-0.08597,3.0,chr1
SERPINC1,-0.04888,5.0,chr1
SERPINF1,0.43475,3.0,chr17
SERPINF2,0.39514,3.0,chr17
SERTAD4,-0.64188,5.0,chr1
SESN2,-0.12074000000000001,3.0,chr1
SETDB1,-0.8416799999999999,5.0,chr1
SEZ6,-0.5925600000000001,6.0,chr17
SF3A3,-4.19289,3.0,chr1
SF3B4,-1.55793,5.0,chr1
SFN,-0.19014,3.0,chr1
SFPQ,-2.21233,3.0,chr1
SFT2D2,-0.7368399999999999,5.0,chr1
SGCA,-0.41362,2.0,chr17
SGIP1,-0.03744,4.0,chr1
SGSH,-0.15254,4.0,chr17
SGSM2,0.15546,3.0,chr17
SH2D1B,0.25331,5.0,chr1
SH2D2A,0.15702,5.0,chr1
SH2D5,-0.00124,3.0,chr1
SH3BGRL3,-0.1212,3.0,chr1
SH3BP5L,-0.06635,4.0,chr1
SH3D21,-0.12439000000000001,3.0,chr1
SH3GLB1,-1.88116,4.0,chr1
SHBG,0.12452,3.0,chr17
SHC1,-0.15336,5.0,chr1
SHCBP1L,-0.08012999999999999,5.0,chr1
SHE,-0.34609,6.0,chr1
SHISA4,-0.17801,5.0,chr1
SHISA6,0.27721,3.0,chr17
SHMT1,0.12797999999999998,3.0,chr17
SHPK,0.08768,3.0,chr17
SIKE1,-0.14774,4.0,chr1
SIPA1L2,-0.07071000000000001,4.0,chr1
SIRT7,-0.42978,3.0,chr17
SKA2,-1.90438,2.0,chr17
SKAP1,0.19459,2.0,chr17
SKI,0.10412,3.0,chr1
SLAMF1,-0.14581,5.0,chr1
SLAMF6,-0.25351,5.0,chr1
SLAMF7,-0.38473,5.0,chr1
SLAMF8,-0.54486,5.0,chr1
SLAMF9,-0.05099,5.0,chr1
SLC13A2,-1.30552,6.0,chr17
SLC13A5,0.16397,3.0,chr17
SLC16A1,-0.26500999999999997,4.0,chr1
SLC16A11,0.27581999999999995,3.0,chr17
SLC16A13,0.10478,3.0,chr17
SLC16A3,-1.40129,3.0,chr17
SLC16A4,-0.15015,4.0,chr1
SLC16A5,-0.57411,3.0,chr17
SLC16A6,-0.8297100000000001,6.0,chr17
SLC19A2,-0.72834,5.0,chr1
SLC1A7,0.12680999999999998,3.0,chr1
SLC22A15,-0.04192,4.0,chr1
SLC25A10,-0.65089,3.0,chr17
SLC25A11,0.0987,3.0,chr17
SLC25A19,-0.46591000000000005,3.0,chr17
SLC25A24,-0.20875,4.0,chr1
SLC25A33,-0.16207,3.0,chr1
SLC25A34,0.023809999999999998,3.0,chr1
SLC25A35,0.08645,3.0,chr17
SLC25A39,-0.21195,2.0,chr17
SLC25A44,-0.09527999999999999,5.0,chr1
SLC26A11,-0.64918,4.0,chr17
SLC26A9,0.028010000000000004,5.0,chr1
SLC27A3,-0.47451000000000004,6.0,chr1
SLC2A1,-0.08292000000000001,3.0,chr1
SLC2A4,0.21119000000000002,3.0,chr17
SLC2A5,-0.5350699999999999,3.0,chr1
SLC2A7,0.07987000000000001,3.0,chr1
SLC30A1,-0.09383,5.0,chr1
SLC30A10,-0.12693,5.0,chr1
SLC30A2,-0.05459,3.0,chr1
SLC30A7,-0.49461000000000005,4.0,chr1
SLC35A3,-1.7658900000000002,4.0,chr1
SLC35B1,-1.11446,2.0,chr17
SLC35D1,-0.52147,4.0,chr1
SLC35E2,0.16987,3.0,chr1
SLC35E2B,-0.03524,3.0,chr1
SLC35F3,-0.17828,4.0,chr1
SLC35G3,-0.34901,2.0,chr17
SLC35G6,0.0688,3.0,chr17
SLC38A10,-0.29961,3.0,chr17
SLC39A1,-0.39524000000000004,6.0,chr1
SLC39A11,-0.32034,3.0,chr17
SLC41A1,-0.13146,5.0,chr1
SLC43A2,0.24879,3.0,chr17
SLC44A3,-0.604,4.0,chr1
SLC44A5,-0.63015,4.0,chr1
SLC45A1,0.14855,3.0,chr1
SLC45A3,0.00588,5.0,chr1
SLC47A1,0.29194000000000003,2.0,chr17
SLC47A2,-0.10117999999999999,2.0,chr17
SLC4A1,-0.5322600000000001,2.0,chr17
SLC50A1,0.25715,5.0,chr1
SLC52A1,-0.47079,3.0,chr17
SLC5A10,0.27288,3.0,chr17
SLC5A9,0.12036,3.0,chr1
SLC6A17,-0.32976,4.0,chr1
SLC6A4,-1.36379,6.0,chr17
SLC6A9,-0.21436,3.0,chr1
SLC9A1,0.12152,3.0,chr1
SLC9A3R1,-0.32081,3.0,chr17
SLC9C2,-0.06417,5.0,chr1
SLFN11,-0.09613,2.0,chr17
SLFN12,-0.07936,2.0,chr17
SLFN12L,-0.36554000000000003,2.0,chr17
SLFN13,0.12684,2.0,chr17
SLFN14,-0.07839,2.0,chr17
SLFN5,-0.27323000000000003,2.0,chr17
SLFNL1,-0.2103,3.0,chr1
SMAP2,0.18167,3.0,chr1
SMARCD2,-0.8328,5.0,chr17
SMARCE1,-1.14862,7.0,chr17
SMCP,-0.05287000000000001,5.0,chr1
SMCR8,0.5193800000000001,3.0,chr17
SMG5,-1.1976,5.0,chr1
SMG6,-1.80273,3.0,chr17
SMG7,-0.76361,5.0,chr1
SMG8,-0.56803,2.0,chr17
SMIM1,-0.5213899999999999,3.0,chr1
SMIM12,-0.10617,3.0,chr1
SMIM5,-0.20338,3.0,chr17
SMIM6,-1.27596,3.0,chr17
SMPDL3B,0.23695,3.0,chr1
SMTNL2,-0.08394,3.0,chr17
SMURF2,-0.5383100000000001,5.0,chr17
SMYD2,0.18105,5.0,chr1
SMYD3,0.31256,4.0,chr1
SMYD4,0.15878,3.0,chr17
SNAP47,-0.19508,5.0,chr1
SNAPIN,-1.39044,6.0,chr1
SNF8,-1.39701,2.0,chr17
SNIP1,-0.31733,3.0,chr1
SNRNP40,-1.05758,3.0,chr1
SNRPE,-5.56093,5.0,chr1
SNX11,0.13679000000000002,2.0,chr17
SNX27,-0.44153000000000003,5.0,chr1
SNX7,-0.13107,4.0,chr1
SOAT1,-0.77657,5.0,chr1
SOCS3,-0.3782,3.0,chr17
SOCS7,-0.08868,2.0,chr17
SORT1,-0.13693,4.0,chr1
SOST,-0.014480000000000002,2.0,chr17
SOX13,-0.24001999999999998,5.0,chr1
SOX15,0.08263,3.0,chr17
SOX9,-0.0133,3.0,chr17
SP2,-0.55708,2.0,chr17
SP6,-0.2059,2.0,chr17
SPACA3,-0.29531999999999997,2.0,chr17
SPAG17,-0.31268,4.0,chr1
SPAG5,-1.36874,6.0,chr17
SPAG7,0.15095999999999998,3.0,chr17
SPAG9,-0.9555600000000001,4.0,chr17
SPATA17,-0.40595,5.0,chr1
SPATA20,0.33492,2.0,chr17
SPATA21,-0.21441,3.0,chr1
SPATA22,0.07968,3.0,chr17
SPATA32,-0.11971,2.0,chr17
SPATA6,0.12150999999999999,3.0,chr1
SPDYE4,0.2419,3.0,chr17
SPECC1,0.25085,2.0,chr17
SPEM1,0.1383,3.0,chr17
SPEN,-0.22855,3.0,chr1
SPHK1,-0.6925399999999999,3.0,chr17
SPNS2,0.09496,3.0,chr17
SPNS3,0.41823,3.0,chr17
SPOCD1,0.08475,3.0,chr1
SPOP,0.0289,2.0,chr17
SPPL2C,-0.33903,2.0,chr17
SPRR1A,-0.2747,5.0,chr1
SPRR1B,-0.84611,5.0,chr1
SPRR2D,-0.3122,5.0,chr1
SPRR2F,-0.39629000000000003,5.0,chr1
SPRR2G,-1.01528,5.0,chr1
SPRR3,0.06275,5.0,chr1
SPRR4,-0.27555,5.0,chr1
SPRTN,-1.09895,4.0,chr1
SPSB1,-0.08377000000000001,3.0,chr1
SPTA1,-0.32129,5.0,chr1
SRCIN1,-0.8155399999999999,2.0,chr17
SREBF1,-0.06596,3.0,chr17
SRM,-0.60225,3.0,chr1
SRP68,-1.8342599999999998,3.0,chr17
SRP9,-1.94415,5.0,chr1
SRR,0.35484,3.0,chr17
SRRM1,-1.23871,3.0,chr1
SRSF1,-4.52399,2.0,chr17
SRSF10,-0.78401,3.0,chr1
SRSF11,-0.68833,4.0,chr1
SRSF2,-2.99728,3.0,chr17
SRSF4,-0.08799,3.0,chr1
SSBP3,-0.39799999999999996,3.0,chr1
SSH2,-0.96293,6.0,chr17
SSR2,-0.7368899999999999,5.0,chr1
SSTR2,-0.63803,3.0,chr17
SSU72,-3.58256,3.0,chr1
SSX2IP,0.02717,4.0,chr1
ST3GAL3,-0.20920999999999998,3.0,chr1
ST6GALNAC1,-0.28983000000000003,3.0,chr17
ST6GALNAC2,-0.27844,3.0,chr17
ST6GALNAC3,-0.48431,4.0,chr1
ST6GALNAC5,0.08585,4.0,chr1
ST7L,0.16885999999999998,4.0,chr1
STAC2,-1.88503,14.0,chr17
STARD3,-1.7740099999999999,14.0,chr17
STAT3,-0.24306,6.0,chr17
STAT5A,-0.41551000000000005,6.0,chr17
STAT5B,-0.8616299999999999,6.0,chr17
STH,0.00359,2.0,chr17
STIL,-0.40118000000000004,3.0,chr1
STK40,0.10542,3.0,chr1
STMN1,0.36608,3.0,chr1
STPG1,-0.26625,3.0,chr1
STRADA,-0.36904000000000003,5.0,chr17
STRIP1,-0.63003,4.0,chr1
STX12,-0.30162,3.0,chr1
STX6,0.33985,5.0,chr1
STX8,0.09175,3.0,chr17
STXBP3,-2.37823,4.0,chr1
STXBP4,-0.5593600000000001,2.0,chr17
SUCO,0.029769999999999998,5.0,chr1
SUMO2,-0.7901100000000001,3.0,chr17
SUPT4H1,-2.8134900000000003,2.0,chr17
SUPT6H,-1.90305,6.0,chr17
SUSD4,-0.19433,5.0,chr1
SUZ12,-2.6667099999999997,2.0,chr17
SV2A,-0.37446,5.0,chr1
SVBP,-0.91695,3.0,chr1
SWT1,-0.05365,5.0,chr1
SYCP1,0.37993000000000005,4.0,chr1
SYDE2,-0.42012,4.0,chr1
SYF2,-0.74451,3.0,chr1
SYNC,-0.24695,3.0,chr1
SYNGR2,-0.07808,3.0,chr17
SYNRG,-0.01439,2.0,chr17
SYPL2,-0.9213600000000001,4.0,chr1
SYT11,-0.27613000000000004,5.0,chr1
SYT14,-0.03712,5.0,chr1
SYT2,-0.54195,5.0,chr1
SYT6,0.11458,4.0,chr1
SYTL1,0.04728,3.0,chr1
SZRD1,-0.13768,3.0,chr1
SZT2,-0.16255999999999998,3.0,chr1
TAC4,-0.2043,2.0,chr17
TACO1,-0.46871999999999997,5.0,chr17
TACSTD2,0.12764,4.0,chr1
TADA1,-0.37266,5.0,chr1
TADA2A,-0.60558,2.0,chr17
TAF12,-2.4199599999999997,3.0,chr1
TAF13,-1.12273,4.0,chr1
TAF15,-0.21703000000000003,2.0,chr17
TAF1A,-0.34601,5.0,chr1
TAF5L,-0.62495,4.0,chr1
TAGLN2,-0.042339999999999996,5.0,chr1
TAL1,0.11742999999999999,3.0,chr1
TANC2,-0.70392,5.0,chr17
TAOK1,-0.53373,6.0,chr17
TARBP1,-0.37362,4.0,chr1
TARDBP,-3.3698599999999996,3.0,chr1
TARS2,-0.81597,5.0,chr1
TAS1R1,-0.11710999999999999,3.0,chr1
TAS1R2,-0.03408,3.0,chr1
TAS1R3,0.36216,3.0,chr1
TATDN3,-0.15944,5.0,chr1
TAX1BP3,0.06625,3.0,chr17
TBC1D16,-0.5223899999999999,6.0,chr17
TBC1D26,0.44943999999999995,3.0,chr17
TBC1D28,-0.28215999999999997,3.0,chr17
TBC1D29,-0.99131,6.0,chr17
TBC1D3F,-3.54227,2.0,chr17
TBCD,-1.6785900000000002,3.0,chr17
TBCE,-0.79528,4.0,chr1
TBKBP1,-0.41157,2.0,chr17
TBX15,-0.29013,4.0,chr1
TBX19,-0.01914,5.0,chr1
TBX2,-0.44935,2.0,chr17
TBX21,-0.15672,2.0,chr17
TBX4,-0.1534,2.0,chr17
TCAP,-1.67429,14.0,chr17
TCEA3,0.20736999999999997,3.0,chr1
TCEANC2,-0.78974,3.0,chr1
TCHH,-0.20025,5.0,chr1
TCHHL1,0.059739999999999994,5.0,chr1
TCTEX1D1,-0.23371999999999998,4.0,chr1
TCTEX1D4,-0.20006,3.0,chr1
TDRD10,0.2688,6.0,chr1
TDRD5,-0.032,5.0,chr1
TDRKH,-0.31889,5.0,chr1
TEDDM1,-0.16874,5.0,chr1
TEFM,-1.37432,2.0,chr17
TEKT1,0.38486,3.0,chr17
TEKT2,0.26652,3.0,chr1
TEKT3,-0.12162,3.0,chr17
TEN1,-0.56806,3.0,chr17
TEPSIN,-0.44343,3.0,chr17
TESK2,0.2079,3.0,chr1
TEX14,-0.54006,2.0,chr17
TEX19,-0.40286,3.0,chr17
TEX2,0.1507,5.0,chr17
TEX35,-0.7276199999999999,5.0,chr1
TEX38,-0.39561,3.0,chr1
TFAP2E,0.42822,3.0,chr1
TFB2M,-0.51227,4.0,chr1
TGFB2,-0.51871,5.0,chr1
TGFBR3,-0.5212899999999999,4.0,chr1
THAP3,0.19805999999999999,3.0,chr1
THBS3,-0.34369,5.0,chr1
THEM4,0.21188,5.0,chr1
THEM5,-0.12758,5.0,chr1
THEMIS2,0.36700000000000005,3.0,chr1
THRA,-2.4342099999999998,11.0,chr17
THRAP3,-0.60223,3.0,chr1
TIAF1,-0.6432100000000001,6.0,chr17
TIE1,-0.15857000000000002,3.0,chr1
TIMM17A,-0.54664,5.0,chr1
TIMM22,-0.59706,3.0,chr17
TIMP2,-0.8387100000000001,6.0,chr17
TINAGL1,-0.5198699999999999,3.0,chr1
TIPRL,-0.73041,5.0,chr1
TK1,-0.2397,3.0,chr17
TLCD1,-1.1157,6.0,chr17
TLCD2,-0.04589,3.0,chr17
TLK2,-0.94616,2.739285119840213,chr17
TLR5,-0.13448,5.0,chr1
TM2D1,-0.34221999999999997,4.0,chr1
TM4SF5,0.029930000000000002,3.0,chr17
TMC6,-0.44377,3.0,chr17
TMC8,-0.53454,3.0,chr17
TMCC2,0.08642999999999999,5.0,chr1
TMCO1,-0.15055,5.0,chr1
TMCO2,-0.5279,3.0,chr1
TMCO4,-0.12945,3.0,chr1
TMED5,-0.40874,4.0,chr1
TMEM100,-0.30773,2.0,chr17
TMEM101,-0.15868,2.0,chr17
TMEM102,-0.07921,3.0,chr17
TMEM104,-0.04645,3.0,chr17
TMEM105,-0.21188,3.0,chr17
TMEM106A,-0.48703,2.0,chr17
TMEM107,0.18035,3.0,chr17
TMEM11,-0.7599100000000001,2.0,chr17
TMEM125,-0.03458,3.0,chr1
TMEM132E,-0.19482,2.0,chr17
TMEM167B,-0.22166,4.0,chr1
TMEM183A,-0.7475,5.0,chr1
TMEM199,-0.7157899999999999,7.0,chr17
TMEM200B,-0.16833,3.0,chr1
TMEM201,-0.20414000000000002,3.0,chr1
TMEM206,0.06881,5.0,chr1
TMEM220,0.10062,3.0,chr17
TMEM222,0.09235,3.0,chr1
TMEM234,-0.32402,3.0,chr1
TMEM235,-0.22254000000000002,3.0,chr17
TMEM240,-0.14365,3.0,chr1
TMEM256,-0.11189,3.0,chr17
TMEM35B,0.23417,3.0,chr1
TMEM39B,-0.6036199999999999,3.0,chr1
TMEM50A,-0.4788,3.0,chr1
TMEM51,0.15045,3.0,chr1
TMEM52,0.10016,3.0,chr1
TMEM53,0.10127,3.0,chr1
TMEM54,0.22052,3.0,chr1
TMEM56,0.21623,4.0,chr1
TMEM57,-0.10529000000000001,3.0,chr1
TMEM59,0.05902,3.0,chr1
TMEM61,-0.16885,3.0,chr1
TMEM63A,-0.28595,5.0,chr1
TMEM69,0.08042,3.0,chr1
TMEM79,0.03918,5.0,chr1
TMEM81,-0.23674,5.0,chr1
TMEM82,-0.93704,3.0,chr1
TMEM88,0.01176,3.0,chr17
TMEM88B,0.13834000000000002,3.0,chr1
TMEM9,-0.34459,5.0,chr1
TMEM92,-0.50968,2.0,chr17
TMEM94,-0.33696,3.0,chr17
TMEM95,0.11024,3.0,chr17
TMEM97,-0.89764,6.317921620431527,chr17
TMEM98,-0.78013,2.0,chr17
TMEM99,-0.33813000000000004,7.0,chr17
TMIGD1,-0.26625,6.0,chr17
TMOD4,-0.54306,5.0,chr1
TMUB2,-0.34254,2.0,chr17
TNFAIP1,-0.59154,7.0,chr17
TNFAIP8L2,-0.20481,5.0,chr1
TNFRSF13B,-0.09367,3.0,chr17
TNFRSF14,-0.03828,3.0,chr1
TNFRSF18,0.09201000000000001,3.0,chr1
TNFRSF1B,0.4388,3.0,chr1
TNFRSF25,-0.14918,3.0,chr1
TNFRSF4,0.11697,3.0,chr1
TNFRSF8,-0.31324,3.0,chr1
TNFRSF9,-0.75858,3.0,chr1
TNFSF12,0.2429,3.0,chr17
TNFSF13,-0.17720999999999998,3.0,chr17
TNFSF18,-0.08522,5.0,chr1
TNFSF4,-0.59292,5.0,chr1
TNK1,-0.01983,3.0,chr17
TNN,-0.3253,5.0,chr1
TNNI1,-0.30809000000000003,5.0,chr1
TNNT2,-0.26865,5.0,chr1
TNR,-0.13255999999999998,5.0,chr1
TNRC6C,-0.18648,3.0,chr17
TNS4,-0.35094000000000003,7.0,chr17
TOB1,0.27766,4.0,chr17
TOE1,-0.30332,3.0,chr1
TOM1L1,-0.10228,2.0,chr17
TOM1L2,-0.41773999999999994,3.0,chr17
TOMM20,-0.39641,4.0,chr1
TOMM40L,-0.09079,5.0,chr1
TOP2A,-3.5429,7.0,chr17
TOP3A,-1.45068,3.0,chr17
TOR1AIP1,-0.0635,5.0,chr1
TOR1AIP2,-1.00068,5.0,chr1
TOR3A,0.00201,5.0,chr1
TP53,0.09501,3.0,chr17
TP53BP2,-0.26869,5.0,chr1
TP53I13,-0.7360800000000001,6.0,chr17
TP73,0.0822,3.0,chr1
TPM3,-0.78559,6.0,chr1
TPR,-1.08575,5.0,chr1
TPRG1L,-0.0415,3.0,chr1
TRABD2B,0.06972,3.0,chr1
TRAF3IP3,-0.083,5.0,chr1
TRAF4,-0.8503799999999999,6.0,chr17
TRAF5,-0.21781,5.0,chr1
TRAPPC1,-0.82055,3.0,chr17
TRAPPC3,-1.7108400000000001,3.0,chr1
TRIM11,0.23360999999999998,5.0,chr1
TRIM16,-0.00983,3.0,chr17
TRIM16L,0.11007,3.0,chr17
TRIM17,-0.18520999999999999,5.0,chr1
TRIM25,-0.12354000000000001,2.0,chr17
TRIM33,-0.06755,4.0,chr1
TRIM37,-0.17306,2.0,chr17
TRIM45,-0.47455,4.0,chr1
TRIM46,-0.36285,5.0,chr1
TRIM47,-0.48123999999999995,3.0,chr17
TRIM58,-0.30117,4.0,chr1
TRIM62,0.13724,3.0,chr1
TRIM63,0.05262000000000001,3.0,chr1
TRIM65,-0.05279,3.0,chr17
TRIM67,0.012190000000000001,4.0,chr1
TRIT1,0.19982,3.0,chr1
TRMT13,-0.33815,4.0,chr1
TRMT1L,-0.14379,5.0,chr1
TRNAU1AP,-0.49163999999999997,3.0,chr1
TRNP1,-0.28047,3.0,chr1
TROVE2,0.29059,5.0,chr1
TRPV1,0.23463,3.0,chr17
TRPV2,0.10563,3.0,chr17
TRPV3,0.28768,3.0,chr17
TSACC,-0.36828,5.0,chr1
TSEN15,-0.8041699999999999,5.0,chr1
TSEN54,-1.27747,3.0,chr17
TSHB,-0.34645,4.0,chr1
TSNAX,-0.58853,4.0,chr1
TSPAN1,-0.01932,3.0,chr1
TSPAN2,-0.41748999999999997,4.0,chr1
TSPOAP1,-0.15793,2.0,chr17
TSR1,-1.61628,3.0,chr17
TSSK3,0.13212000000000002,3.0,chr1
TSTD1,-0.16064,5.0,chr1
TTC13,-0.2073,4.0,chr1
TTC19,-0.2651,3.0,chr17
TTC22,0.05119,3.0,chr1
TTC24,-0.9116700000000001,5.0,chr1
TTC34,0.34606,3.0,chr1
TTC39A,-0.05924,3.0,chr1
TTC4,-0.07229,3.0,chr1
TTF2,-1.3869999999999998,4.0,chr1
TTLL10,0.50332,3.0,chr1
TTLL6,-0.12477,2.0,chr17
TTLL7,0.06473999999999999,4.0,chr1
TTYH2,-0.48135,3.0,chr17
TUBD1,-0.17601,2.0,chr17
TUBG1,-2.10983,2.0,chr17
TUBG2,-0.84185,2.0,chr17
TUFT1,-0.3712,5.0,chr1
TUSC5,-0.029160000000000002,3.0,chr17
TVP23B,-0.53741,3.0,chr17
TVP23C,-0.22411,3.0,chr17
TVP23C-CDRT4,-0.06273,3.0,chr17
TXLNA,0.10235,3.0,chr1
TXNDC12,-0.21943000000000001,3.0,chr1
TXNDC17,0.08671,3.0,chr17
TXNIP,-0.58763,5.0,chr1
TYW3,-0.23809,4.0,chr1
UAP1,-0.16999,5.0,chr1
UBALD2,-0.14606,3.0,chr17
UBAP2L,-0.73219,6.0,chr1
UBB,-1.8919700000000002,3.0,chr17
UBE2G1,-0.22055,3.0,chr17
UBE2J2,0.13191,3.0,chr1
UBE2O,-0.54584,3.0,chr17
UBE2Q1,0.13057,6.0,chr1
UBE2T,-1.20451,5.0,chr1
UBE2U,-0.6662399999999999,4.0,chr1
UBE2Z,-0.41021,2.0,chr17
UBE4B,0.0172,3.0,chr1
UBIAD1,0.25461,3.0,chr1
UBL4B,-0.19787000000000002,4.0,chr1
UBQLN4,-0.73564,5.0,chr1
UBR4,-3.7496099999999997,3.0,chr1
UBTF,-1.97453,2.0,chr17
UBXN10,-0.07425,3.0,chr1
UBXN11,0.14524,3.0,chr1
UCHL5,0.07798,5.0,chr1
UCK2,-0.8469,5.0,chr1
UFC1,-0.60883,5.0,chr1
UHMK1,0.0913,5.0,chr1
ULK2,0.16002,2.0,chr17
UNC119,-1.09752,6.0,chr17
UNC13D,-0.33713000000000004,3.0,chr17
UNC45B,-0.10882,2.0,chr17
UNK,-0.12074000000000001,3.0,chr17
UQCRH,-0.93778,3.0,chr1
URB2,-1.1253799999999998,4.0,chr1
UROD,-0.9222600000000001,3.0,chr1
USF1,-0.40252,5.0,chr1
USH1G,-0.27358000000000005,3.0,chr17
USH2A,0.12229000000000001,5.0,chr1
USP1,-1.32223,4.0,chr1
USP21,-0.29377,5.0,chr1
USP22,0.17160999999999998,2.0,chr17
USP24,-0.47936000000000006,3.0,chr1
USP32,-0.53179,2.0,chr17
USP33,-0.7779699999999999,4.0,chr1
USP36,-0.94958,6.0,chr17
USP43,0.16401,3.0,chr17
USP48,-0.27641,3.0,chr1
USP6,-0.14344,3.0,chr17
UTP11,-1.06922,3.0,chr1
UTP18,-1.47285,4.0,chr17
UTP6,-1.61966,2.0,chr17
UTS2,-0.21893,3.0,chr1
UTS2R,-0.21022,3.0,chr17
VAMP2,0.24789,3.0,chr17
VAMP3,0.25916,3.0,chr1
VAMP4,-2.59769,5.0,chr1
VANGL1,-0.16596,4.0,chr1
VANGL2,-0.12392,5.0,chr1
VASH2,-0.72517,5.0,chr1
VAT1,-0.15830999999999998,2.0,chr17
VAV3,-0.4705,4.0,chr1
VCAM1,-0.22,4.0,chr1
VEZF1,-0.9839899999999999,2.0,chr17
VMO1,-0.05385,3.0,chr17
VMP1,-4.13917,2.0,chr17
VPS13D,-0.31335999999999997,3.0,chr1
VPS25,-4.75697,2.0,chr17
VPS45,-0.46538999999999997,5.0,chr1
VPS53,-0.6936,3.0,chr17
VPS72,-0.8839299999999999,5.0,chr1
VSIG8,-0.059070000000000004,5.0,chr1
VTCN1,-0.48936,4.0,chr1
VTN,-1.23939,7.0,chr17
VWA1,0.32118,3.0,chr1
WARS2,-0.29314,4.0,chr1
WASF2,-0.24411999999999998,3.0,chr1
WBP2,-0.16627999999999998,3.0,chr17
WDR26,-0.99466,5.0,chr1
WDR3,-1.7089400000000001,4.0,chr1
WDR45B,-0.14169,3.0,chr17
WDR47,-0.20098,4.0,chr1
WDR63,-0.46583,4.0,chr1
WDR77,-0.9607399999999999,4.0,chr1
WDR78,-0.8395799999999999,4.0,chr1
WDR81,-0.36232,3.0,chr17
WDTC1,0.27046,3.0,chr1
WFIKKN2,-0.4091,4.0,chr17
WIPF2,-1.9902099999999998,11.0,chr17
WIPI1,-0.7774,6.0,chr17
WLS,-0.09587999999999999,4.0,chr1
WNK4,-0.17534,2.0,chr17
WNT2B,0.03273,4.0,chr1
WNT3,-0.03742,2.0,chr17
WNT3A,-0.10524000000000001,5.0,chr1
WNT4,0.056889999999999996,3.0,chr1
WNT9A,0.12859,5.0,chr1
WNT9B,-0.27262,2.0,chr17
WRAP53,-0.08466,3.0,chr17
WRAP73,0.12627,3.0,chr1
WSB1,-1.0786799999999999,5.0,chr17
WSCD1,0.15965,3.0,chr17
XAF1,0.06862,3.0,chr17
XCL1,-0.37704,5.0,chr1
XCL2,-0.19177,5.0,chr1
XKR8,-0.29036999999999996,3.0,chr1
XPR1,-0.07264,5.0,chr1
XYLT2,-0.51051,2.0,chr17
YARS,-3.15131,3.0,chr1
YBX1,-2.26733,3.0,chr1
YBX2,0.15147,3.0,chr17
YIPF1,0.45178,3.0,chr1
YOD1,-0.31182,5.0,chr1
YPEL2,-0.50971,2.0,chr17
YRDC,-3.01207,3.0,chr1
YTHDF2,0.34904,3.0,chr1
YWHAE,-1.21878,3.0,chr17
YY1AP1,-0.07481,5.0,chr1
ZACN,-0.29474,3.0,chr17
ZBED6,-0.13774,5.0,chr1
ZBTB17,-0.48733000000000004,3.0,chr1
ZBTB18,-0.08499,4.0,chr1
ZBTB37,-0.35054,5.0,chr1
ZBTB4,-0.1392,3.0,chr17
ZBTB40,-0.4015,3.0,chr1
ZBTB41,-0.12993,5.0,chr1
ZBTB48,-0.06043,3.0,chr1
ZBTB7B,-0.87897,5.0,chr1
ZBTB8A,-0.39042,3.0,chr1
ZBTB8B,-0.09235,3.0,chr1
ZBTB8OS,-1.39036,3.0,chr1
ZC3H11A,-0.09115,5.0,chr1
ZC3H12A,-0.23276999999999998,3.0,chr1
ZCCHC11,-0.30948000000000003,3.0,chr1
ZCCHC17,0.058570000000000004,3.0,chr1
ZDHHC18,-0.3937,3.0,chr1
ZFP3,-0.22755,3.0,chr17
ZFP69,-0.19972,3.0,chr1
ZFP69B,-0.16327,3.0,chr1
ZFYVE9,-0.76631,3.0,chr1
ZMPSTE24,-0.33776999999999996,3.0,chr1
ZMYM1,0.10350999999999999,3.0,chr1
ZMYM4,0.47005,3.0,chr1
ZMYM6,-0.13135,3.0,chr1
ZMYND12,-0.36167,3.0,chr1
ZMYND15,0.41058999999999996,3.0,chr17
ZNF124,-1.946,4.0,chr1
ZNF18,0.30346999999999996,3.0,chr17
ZNF207,-2.59218,2.0,chr17
ZNF232,-0.24228000000000002,3.0,chr17
ZNF281,-0.09988999999999999,5.0,chr1
ZNF286A,-0.0992,3.0,chr17
ZNF286B,0.20851,3.0,chr17
ZNF287,0.43132,3.0,chr17
ZNF326,0.15434,4.0,chr1
ZNF362,0.20723000000000003,3.0,chr1
ZNF436,-0.22451999999999997,3.0,chr1
ZNF496,-0.11819,4.0,chr1
ZNF593,-0.3041,3.0,chr1
ZNF594,0.05662999999999999,3.0,chr17
ZNF624,-0.43871000000000004,3.0,chr17
ZNF644,0.10297,4.0,chr1
ZNF648,-0.10175,5.0,chr1
ZNF652,0.03535,2.0,chr17
ZNF669,0.41667,4.0,chr1
ZNF670,-0.82544,4.0,chr1
ZNF672,-0.22063000000000002,4.0,chr1
ZNF683,0.04519,3.0,chr1
ZNF684,-0.28643,3.0,chr1
ZNF687,-0.34667,5.0,chr1
ZNF691,0.40066999999999997,3.0,chr1
ZNF692,0.21583000000000002,4.0,chr1
ZNF695,0.18408,4.0,chr1
ZNF697,-0.19882,4.0,chr1
ZNF750,-0.32984,3.0,chr17
ZNF830,-1.3493899999999999,2.0,chr17
ZNHIT3,-0.58573,2.0,chr17
ZNHIT6,-0.95794,4.0,chr1
ZP4,0.023809999999999998,4.0,chr1
ZPBP2,-1.33276,14.0,chr17
ZRANB2,-0.45758999999999994,4.0,chr1
ZSCAN20,-0.0491,3.0,chr1
ZSWIM5,0.17382999999999998,3.0,chr1
ZSWIM7,0.23526999999999998,3.0,chr17
ZYG11A,-0.00659,3.0,chr1
ZYG11B,-0.31981,3.0,chr1
ZZEF1,0.25,3.0,chr17
ZZZ3,-0.35042,4.0,chr1
